TripAdvisor ID,OutletName,Street,StreetNo,AdressComplement,StateCode,Postcode,District,State,Town,Longitude,Latitude,AdultsOnly,Outdoor,Instagram,ActivePromotionFlag,ActivePromotionEffectiveDate,ActivePromotionName,ActivePromotionURL,Segment,LongNeckRGBFlag,ChopHeinekenFlag,ShieldFlag,OPPFlag,Source,_rescued_data,IsDeleted,Venue_Channel,_system_name,_sequence_by,g_dine_in,g_editorial_summary,g_formatted_phone_number,g_name,g_opening_hours_periods,g_opening_hours_open_now,g_business_status,g_price_level,g_rating,g_reservable,g_serves_beer,g_serves_breakfast,g_serves_brunch,g_serves_dinner,g_serves_lunch,g_serves_vegetarian_food,g_serves_wine,g_types,g_website,g_wheelchair_accessible_entrance,g_address_components,g_user_ratings_total,Address_Line_1,g_address,g_lat,g_lng,g_city,g_postal_code,g_country_code,_modified_timestamp
26225662,VISTA JARDINS,RUA HADDOCK LOBO,1626,,SP,1414002,CERQUEIRA CESAR,SP,SAO PAULO,,,,,,NÃ£o,,,,Bar/Especiais,1,1,0,1,mybar,"{""Longitude"":-46.6689385,""Latitude"":-23.5647382,""_file_path"":""/mnt/erp_br/30_dtmart/vw_clnk/fact_clnk/part-00000-tid-1704896776922519115-bce2e01c-04ab-4875-90f8-c2dad320d6a7-6989-1-c000.snappy.parquet""}",0,Offline,clnk,,True,,(11) 5196-4022,Vista Jardins,"[{""close"":{""date"":null,""day"":0,""time"":""2200"",""truncated"":null},""open"":{""date"":null,""day"":0,""time"":""1200""}},{""close"":{""date"":null,""day"":1,""time"":""1600"",""truncated"":null},""open"":{""date"":null,""day"":1,""time"":""1200""}},{""close"":{""date"":null,""day"":1,""time"":""2330"",""truncated"":null},""open"":{""date"":null,""day"":1,""time"":""1900""}},{""close"":{""date"":null,""day"":2,""time"":""1600"",""truncated"":null},""open"":{""date"":null,""day"":2,""time"":""1200""}},{""close"":{""date"":null,""day"":2,""time"":""2330"",""truncated"":null},""open"":{""date"":null,""day"":2,""time"":""1900""}},{""close"":{""date"":null,""day"":3,""time"":""1600"",""truncated"":null},""open"":{""date"":null,""day"":3,""time"":""1200""}},{""close"":{""date"":null,""day"":3,""time"":""2330"",""truncated"":null},""open"":{""date"":null,""day"":3,""time"":""1900""}},{""close"":{""date"":null,""day"":4,""time"":""1600"",""truncated"":null},""open"":{""date"":null,""day"":4,""time"":""1200""}},{""close"":{""date"":null,""day"":4,""time"":""2330"",""truncated"":null},""open"":{""date"":null,""day"":4,""time"":""1900""}},{""close"":{""date"":null,""day"":5,""time"":""1600"",""truncated"":null},""open"":{""date"":null,""day"":5,""time"":""1200""}},{""close"":{""date"":null,""day"":5,""time"":""2330"",""truncated"":null},""open"":{""date"":null,""day"":5,""time"":""1900""}},{""close"":{""date"":null,""day"":6,""time"":""2330"",""truncated"":null},""open"":{""date"":null,""day"":6,""time"":""1200""}}]",False,OPERATIONAL,,4.4,True,True,,,True,True,,True,"[""restaurant"",""point_of_interest"",""food"",""establishment""]",https://vistajardins.com.br/,True,"[{""long_name"":""3Â° Andar"",""short_name"":""3Â° Andar"",""types"":[""subpremise""]},{""long_name"":""1626"",""short_name"":""1626"",""types"":[""street_number""]},{""long_name"":""Rua Haddock Lobo"",""short_name"":""Rua Haddock Lobo"",""types"":[""route""]},{""long_name"":""Jardins"",""short_name"":""Jardins"",""types"":[""sublocality_level_1"",""sublocality"",""political""]},{""long_name"":""SÃ£o Paulo"",""short_name"":""SÃ£o Paulo"",""types"":[""administrative_area_level_2"",""political""]},{""long_name"":""SÃ£o Paulo"",""short_name"":""SP"",""types"":[""administrative_area_level_1"",""political""]},{""long_name"":""Brazil"",""short_name"":""BR"",""types"":[""country"",""political""]},{""long_name"":""01414-002"",""short_name"":""01414-002"",""types"":[""postal_code""]}]",60,"Rua Haddock Lobo, 1626 - 3Â° Andar - Jardins, SÃ£o Paulo - SP","Rua Haddock Lobo, 1626 - 3Â° Andar - Jardins, SÃ£o Paulo - SP, 01414-002, Brazil","-23,564,503","-466,688,327",SÃ£o Paulo,01414-002,BR,59:09.4
3961141,BACKYARD - PINHEIROS,Rua Mateus Grou,132,,SP,5415040,Pinheiros,SP,SAO PAULO,,,,,,NÃ£o,,,,Bar/Especiais,1,0,0,1,OPP,"{""Longitude"":-46.6838424,""Latitude"":-23.5646923,""_file_path"":""/mnt/erp_br/30_dtmart/vw_clnk/fact_clnk/part-00000-tid-1704896776922519115-bce2e01c-04ab-4875-90f8-c2dad320d6a7-6989-1-c000.snappy.parquet""}",0,Offline,clnk,,,,(11) 91033-4455,Backyard - Pinheiros,"[{""close"":{""date"":null,""day"":0,""time"":""1800"",""truncated"":null},""open"":{""date"":null,""day"":0,""time"":""1300""}},{""close"":{""date"":null,""day"":1,""time"":""1900"",""truncated"":null},""open"":{""date"":null,""day"":1,""time"":""1100""}},{""close"":{""date"":null,""day"":2,""time"":""1900"",""truncated"":null},""open"":{""date"":null,""day"":2,""time"":""1100""}},{""close"":{""date"":null,""day"":3,""time"":""1900"",""truncated"":null},""open"":{""date"":null,""day"":3,""time"":""1100""}},{""close"":{""date"":null,""day"":4,""time"":""1900"",""truncated"":null},""open"":{""date"":null,""day"":4,""time"":""1100""}},{""close"":{""date"":null,""day"":5,""time"":""2000"",""truncated"":null},""open"":{""date"":null,""day"":5,""time"":""1000""}},{""close"":{""date"":null,""day"":6,""time"":""2000"",""truncated"":null},""open"":{""date"":null,""day"":6,""time"":""1000""}}]",False,OPERATIONAL,,4.8,,,,,,,,,"[""store"",""bar"",""point_of_interest"",""establishment""]",https://livinbackyard.shop/,,"[{""long_name"":""132"",""short_name"":""132"",""types"":[""street_number""]},{""long_name"":""Rua Mateus Grou"",""short_name"":""R. Mateus Grou"",""types"":[""route""]},{""long_name"":""Pinheiros"",""short_name"":""Pinheiros"",""types"":[""sublocality_level_1"",""sublocality"",""political""]},{""long_name"":""SÃ£o Paulo"",""short_name"":""SÃ£o Paulo"",""types"":[""administrative_area_level_2"",""political""]},{""long_name"":""SÃ£o Paulo"",""short_name"":""SP"",""types"":[""administrative_area_level_1"",""political""]},{""long_name"":""Brazil"",""short_name"":""BR"",""types"":[""country"",""political""]},{""long_name"":""05415-040"",""short_name"":""05415-040"",""types"":[""postal_code""]}]",87,"R. Mateus Grou, 132 - Pinheiros, SÃ£o Paulo - SP","R. Mateus Grou, 132 - Pinheiros, SÃ£o Paulo - SP, 05415-040, Brazil","-2,356,469,229,999,990","-466,838,424",SÃ£o Paulo,05415-040,BR,59:09.4
3730776,AURORA BAR,Rua Professor AtÃ­lio Innocenti,277,,SP,4538000,Vila Nova ConceiÃ§Ã£o,SP,SAO PAULO,,,,,,NÃ£o,,,,Bar/Especiais,1,1,0,1,OPP,"{""Longitude"":-46.6804323,""Latitude"":-23.5897641,""_file_path"":""/mnt/erp_br/30_dtmart/vw_clnk/fact_clnk/part-00000-tid-1704896776922519115-bce2e01c-04ab-4875-90f8-c2dad320d6a7-6989-1-c000.snappy.parquet""}",0,Offline,clnk,,True,A late-night club with tasteful appetizers & musical performances that go until dawn.,(11) 99991-0395,"Bar Aurora: Happy Hour, MÃºsica ao Vivo, Petiscos, Drinks, Chopp, Cerveja SP","[{""close"":{""date"":null,""day"":1,""time"":""0000"",""truncated"":null},""open"":{""date"":null,""day"":0,""time"":""1500""}},{""close"":{""date"":null,""day"":3,""time"":""0200"",""truncated"":null},""open"":{""date"":null,""day"":2,""time"":""1700""}},{""close"":{""date"":null,""day"":4,""time"":""0200"",""truncated"":null},""open"":{""date"":null,""day"":3,""time"":""1700""}},{""close"":{""date"":null,""day"":5,""time"":""0200"",""truncated"":null},""open"":{""date"":null,""day"":4,""time"":""1700""}},{""close"":{""date"":null,""day"":6,""time"":""0200"",""truncated"":null},""open"":{""date"":null,""day"":5,""time"":""1700""}},{""close"":{""date"":null,""day"":0,""time"":""0200"",""truncated"":null},""open"":{""date"":null,""day"":6,""time"":""1300""}}]",False,OPERATIONAL,2.0,4.2,True,True,,,,,,True,"[""bar"",""point_of_interest"",""establishment""]",https://instagram.com/baraurora?igshid=YmMyMTA2M2Y=,True,"[{""long_name"":""277"",""short_name"":""277"",""types"":[""street_number""]},{""long_name"":""Rua Professor AtÃ­lio Innocenti"",""short_name"":""R. Prof. AtÃ­lio Innocenti"",""types"":[""route""]},{""long_name"":""Itaim Bibi"",""short_name"":""Itaim Bibi"",""types"":[""sublocality_level_1"",""sublocality"",""political""]},{""long_name"":""SÃ£o Paulo"",""short_name"":""SÃ£o Paulo"",""types"":[""administrative_area_level_2"",""political""]},{""long_name"":""SÃ£o Paulo"",""short_name"":""SP"",""types"":[""administrative_area_level_1"",""political""]},{""long_name"":""Brazil"",""short_name"":""BR"",""types"":[""country"",""political""]},{""long_name"":""04538-000"",""short_name"":""04538-000"",""types"":[""postal_code""]}]",2729,"R. Prof. AtÃ­lio Innocenti, 277 - Itaim Bibi, SÃ£o Paulo - SP","R. Prof. AtÃ­lio Innocenti, 277 - Itaim Bibi, SÃ£o Paulo - SP, 04538-000, Brazil","-2,358,975,100,000,000","-46,680,407",SÃ£o Paulo,04538-000,BR,02:03.3
24069808,CASA ROCKAMBOLE,Rua Belmiro Braga,119,,SP,5432020,Pinheiros,SP,SAO PAULO,,,,,,NÃ£o,,,,Bar/Especiais,1,0,0,1,OPP,"{""Longitude"":-46.6874133,""Latitude"":-23.5597984,""_file_path"":""/mnt/erp_br/30_dtmart/vw_clnk/fact_clnk/part-00000-tid-1704896776922519115-bce2e01c-04ab-4875-90f8-c2dad320d6a7-6989-1-c000.snappy.parquet""}",0,Offline,clnk,,,,(11) 3034-3713,Rockambole,,,OPERATIONAL,,4.6,,,,,,,,,"[""bar"",""night_club"",""point_of_interest"",""store"",""establishment""]",http://www.rockambole.com.br/,True,"[{""long_name"":""119"",""short_name"":""119"",""types"":[""street_number""]},{""long_name"":""Rua Belmiro Braga"",""short_name"":""R. Belmiro Braga"",""types"":[""route""]},{""long_name"":""Pinheiros"",""short_name"":""Pinheiros"",""types"":[""sublocality_level_1"",""sublocality"",""political""]},{""long_name"":""SÃ£o Paulo"",""short_name"":""SÃ£o Paulo"",""types"":[""administrative_area_level_2"",""political""]},{""long_name"":""SÃ£o Paulo"",""short_name"":""SP"",""types"":[""administrative_area_level_1"",""political""]},{""long_name"":""Brazil"",""short_name"":""BR"",""types"":[""country"",""political""]},{""long_name"":""05432-020"",""short_name"":""05432-020"",""types"":[""postal_code""]}]",491,"R. Belmiro Braga, 119 - Pinheiros, SÃ£o Paulo - SP","R. Belmiro Braga, 119 - Pinheiros, SÃ£o Paulo - SP, 05432-020, Brazil","-235,596,912","-466,873,616",SÃ£o Paulo,05432-020,BR,02:03.3
228232,ZURICH BAR & RESTAURANTE,Rua Pamplona,583,,SP,1405002,Jardim Paulista,SP,SAO PAULO,,,,,,NÃ£o,,,,Bar/Especiais,1,1,0,1,OPP,"{""Longitude"":-46.6596144,""Latitude"":-23.5700938,""_file_path"":""/mnt/erp_br/30_dtmart/vw_clnk/fact_clnk/part-00000-tid-1704896776922519115-bce2e01c-04ab-4875-90f8-c2dad320d6a7-6989-1-c000.snappy.parquet""}",0,Offline,clnk,,True,"This bar & grill offers a diverse menu with steaks & mushroom risotto, caipirinhas & happy hour.",,Zurich Bar & Restaurante,"[{""close"":{""date"":null,""day"":1,""time"":""0200"",""truncated"":null},""open"":{""date"":null,""day"":0,""time"":""1130""}},{""close"":{""date"":null,""day"":2,""time"":""0200"",""truncated"":null},""open"":{""date"":null,""day"":1,""time"":""1130""}},{""close"":{""date"":null,""day"":3,""time"":""0200"",""truncated"":null},""open"":{""date"":null,""day"":2,""time"":""1130""}},{""close"":{""date"":null,""day"":4,""time"":""0200"",""truncated"":null},""open"":{""date"":null,""day"":3,""time"":""1130""}},{""close"":{""date"":null,""day"":5,""time"":""0200"",""truncated"":null},""open"":{""date"":null,""day"":4,""time"":""1130""}},{""close"":{""date"":null,""day"":6,""time"":""0200"",""truncated"":null},""open"":{""date"":null,""day"":5,""time"":""1130""}},{""close"":{""date"":null,""day"":0,""time"":""0200"",""truncated"":null},""open"":{""date"":null,""day"":6,""time"":""1130""}}]",False,OPERATIONAL,2.0,4.2,True,True,,,,,,True,"[""bar"",""restaurant"",""point_of_interest"",""food"",""establishment""]",,True,"[{""long_name"":""583"",""short_name"":""583"",""types"":[""street_number""]},{""long_name"":""Alameda Lorena"",""short_name"":""Alameda Lorena"",""types"":[""route""]},{""long_name"":""Jardim Paulista"",""short_name"":""Jardim Paulista"",""types"":[""sublocality_level_1"",""sublocality"",""political""]},{""long_name"":""SÃ£o Paulo"",""short_name"":""SÃ£o Paulo"",""types"":[""administrative_area_level_2"",""political""]},{""long_name"":""SÃ£o Paulo"",""short_name"":""SP"",""types"":[""administrative_area_level_1"",""political""]},{""long_name"":""Brazil"",""short_name"":""BR"",""types"":[""country"",""political""]},{""long_name"":""01424-010"",""short_name"":""01424-010"",""types"":[""postal_code""]}]",1128,"Alameda Lorena, 583 - Jardim Paulista, SÃ£o Paulo - SP","Alameda Lorena, 583 - Jardim Paulista, SÃ£o Paulo - SP, 01424-010, Brazil","-2,356,992,739,999,990","-466,595,921",SÃ£o Paulo,01424-010,BR,59:09.4
303625,SANTO MULLEQUINHOS,Rua Ramos Batista,328,,SP,4552020,Vila OlÃ­mpia,SP,SAO PAULO,,,,,,NÃ£o,,,,Bar/Especiais,1,1,0,1,OPP,"{""Longitude"":-46.6839459,""Latitude"":-23.5936581,""_file_path"":""/mnt/erp_br/30_dtmart/vw_clnk/fact_clnk/part-00000-tid-1704896776922519115-bce2e01c-04ab-4875-90f8-c2dad320d6a7-6989-1-c000.snappy.parquet""}",0,Offline,clnk,,True,,(11) 3846-7339,Santo Mullequinhos,"[{""close"":{""date"":null,""day"":1,""time"":""2200"",""truncated"":null},""open"":{""date"":null,""day"":1,""time"":""0600""}},{""close"":{""date"":null,""day"":3,""time"":""0100"",""truncated"":null},""open"":{""date"":null,""day"":2,""time"":""0600""}},{""close"":{""date"":null,""day"":4,""time"":""0100"",""truncated"":null},""open"":{""date"":null,""day"":3,""time"":""0600""}},{""close"":{""date"":null,""day"":5,""time"":""0100"",""truncated"":null},""open"":{""date"":null,""day"":4,""time"":""0600""}},{""close"":{""date"":null,""day"":6,""time"":""0100"",""truncated"":null},""open"":{""date"":null,""day"":5,""time"":""0600""}},{""close"":{""date"":null,""day"":6,""time"":""2200"",""truncated"":null},""open"":{""date"":null,""day"":6,""time"":""0600""}}]",True,OPERATIONAL,2.0,4.4,True,True,True,,True,True,False,True,"[""restaurant"",""food"",""point_of_interest"",""establishment""]",,True,"[{""long_name"":""328"",""short_name"":""328"",""types"":[""street_number""]},{""long_name"":""Rua Ramos Batista"",""short_name"":""R. Ramos Batista"",""types"":[""route""]},{""long_name"":""Vila OlÃ­mpia"",""short_name"":""Vila OlÃ­mpia"",""types"":[""sublocality_level_1"",""sublocality"",""political""]},{""long_name"":""SÃ£o Paulo"",""short_name"":""SÃ£o Paulo"",""types"":[""administrative_area_level_2"",""political""]},{""long_name"":""SÃ£o Paulo"",""short_name"":""SP"",""types"":[""administrative_area_level_1"",""political""]},{""long_name"":""Brazil"",""short_name"":""BR"",""types"":[""country"",""political""]},{""long_name"":""04552-020"",""short_name"":""04552-020"",""types"":[""postal_code""]}]",933,"R. Ramos Batista, 328 - Vila OlÃ­mpia, SÃ£o Paulo - SP","R. Ramos Batista, 328 - Vila OlÃ­mpia, SÃ£o Paulo - SP, 04552-020, Brazil","-235,936,057","-46,683,924",SÃ£o Paulo,04552-020,BR,02:03.3
2351907,PRAINHA PAULISTA,Avenida Paulista 807,807,,SP,1311915,Bela Vista,SP,SAO PAULO,,,,,,NÃ£o,,,,Bar/Especiais,0,0,0,1,OPP,"{""Longitude"":-46.6508013,""Latitude"":-23.5666017,""_file_path"":""/mnt/erp_br/30_dtmart/vw_clnk/fact_clnk/part-00000-tid-1704896776922519115-bce2e01c-04ab-4875-90f8-c2dad320d6a7-6989-1-c000.snappy.parquet""}",0,Offline,clnk,,True,"Desserts, various snacks & a variety of coffees are served at this cosmopolitan cafÃ©.",(11) 3289-9637,CafÃ© Creme,"[{""close"":{""date"":null,""day"":1,""time"":""0000"",""truncated"":null},""open"":{""date"":null,""day"":0,""time"":""0600""}},{""close"":{""date"":null,""day"":2,""time"":""0100"",""truncated"":null},""open"":{""date"":null,""day"":1,""time"":""0600""}},{""close"":{""date"":null,""day"":3,""time"":""0200"",""truncated"":null},""open"":{""date"":null,""day"":2,""time"":""0600""}},{""close"":{""date"":null,""day"":4,""time"":""0200"",""truncated"":null},""open"":{""date"":null,""day"":3,""time"":""0600""}},{""close"":{""date"":null,""day"":5,""time"":""0200"",""truncated"":null},""open"":{""date"":null,""day"":4,""time"":""0600""}},{""close"":{""date"":null,""day"":6,""time"":""0200"",""truncated"":null},""open"":{""date"":null,""day"":5,""time"":""0600""}},{""close"":{""date"":null,""day"":0,""time"":""0200"",""truncated"":null},""open"":{""date"":null,""day"":6,""time"":""0600""}}]",True,OPERATIONAL,2.0,4.2,True,True,True,True,True,True,False,True,"[""cafe"",""bar"",""restaurant"",""food"",""point_of_interest"",""establishment""]",http://cafecreme.com.br/,True,"[{""long_name"":""Loja 07, esquina"",""short_name"":""Loja 07, esquina"",""types"":[""subpremise""]},{""long_name"":""807"",""short_name"":""807"",""types"":[""street_number""]},{""long_name"":""Avenida Paulista"",""short_name"":""Av. Paulista"",""types"":[""route""]},{""long_name"":""Bela Vista"",""short_name"":""Bela Vista"",""types"":[""sublocality_level_1"",""sublocality"",""political""]},{""long_name"":""SÃ£o Paulo"",""short_name"":""SÃ£o Paulo"",""types"":[""administrative_area_level_2"",""political""]},{""long_name"":""SÃ£o Paulo"",""short_name"":""SP"",""types"":[""administrative_area_level_1"",""political""]},{""long_name"":""Brazil"",""short_name"":""BR"",""types"":[""country"",""political""]},{""long_name"":""01311-100"",""short_name"":""01311-100"",""types"":[""postal_code""]}]",3364,"Av. Paulista, 807 - Loja 07, esquina - Bela Vista, SÃ£o Paulo - SP","Av. Paulista, 807 - Loja 07, esquina - Bela Vista, SÃ£o Paulo - SP, 01311-100, Brazil","-235,663,677","-466,508,956",SÃ£o Paulo,01311-100,BR,45:11.1
25281365,BALEIA ROOFTOP,Avenida Brigadeiro Faria Lima 3732,3732,,SP,4538932,Itaim Bibi,SP,SAO PAULO,,,,,,NÃ£o,,,,Bar/Especiais,1,0,0,1,OPP,"{""Longitude"":-46.6824878,""Latitude"":-23.5889942,""_file_path"":""/mnt/erp_br/30_dtmart/vw_clnk/fact_clnk/part-00000-tid-1704896776922519115-bce2e01c-04ab-4875-90f8-c2dad320d6a7-6989-1-c000.snappy.parquet""}",0,Offline,clnk,,True,,(11) 5182-4552,Dasian,"[{""close"":{""date"":null,""day"":0,""time"":""2200"",""truncated"":null},""open"":{""date"":null,""day"":0,""time"":""1200""}},{""close"":{""date"":null,""day"":1,""time"":""2330"",""truncated"":null},""open"":{""date"":null,""day"":1,""time"":""1200""}},{""close"":{""date"":null,""day"":2,""time"":""2330"",""truncated"":null},""open"":{""date"":null,""day"":2,""time"":""1200""}},{""close"":{""date"":null,""day"":3,""time"":""2330"",""truncated"":null},""open"":{""date"":null,""day"":3,""time"":""1200""}},{""close"":{""date"":null,""day"":4,""time"":""2330"",""truncated"":null},""open"":{""date"":null,""day"":4,""time"":""1200""}},{""close"":{""date"":null,""day"":5,""time"":""2330"",""truncated"":null},""open"":{""date"":null,""day"":5,""time"":""1200""}},{""close"":{""date"":null,""day"":6,""time"":""2330"",""truncated"":null},""open"":{""date"":null,""day"":6,""time"":""1200""}}]",False,OPERATIONAL,,4.2,True,True,,True,True,True,,True,"[""restaurant"",""food"",""point_of_interest"",""establishment""]",http://www.dasian.com.br/,True,"[{""long_name"":""3732"",""short_name"":""3732"",""types"":[""street_number""]},{""long_name"":""Avenida Brigadeiro Faria Lima"",""short_name"":""Av. Brig. Faria Lima"",""types"":[""route""]},{""long_name"":""Itaim Bibi"",""short_name"":""Itaim Bibi"",""types"":[""sublocality_level_1"",""sublocality"",""political""]},{""long_name"":""SÃ£o Paulo"",""short_name"":""SÃ£o Paulo"",""types"":[""administrative_area_level_2"",""political""]},{""long_name"":""SÃ£o Paulo"",""short_name"":""SP"",""types"":[""administrative_area_level_1"",""political""]},{""long_name"":""Brazil"",""short_name"":""BR"",""types"":[""country"",""political""]},{""long_name"":""04538-132"",""short_name"":""04538-132"",""types"":[""postal_code""]}]",352,"Av. Brig. Faria Lima, 3732 - Itaim Bibi, SÃ£o Paulo - SP","Av. Brig. Faria Lima, 3732 - Itaim Bibi, SÃ£o Paulo - SP, 04538-132, Brazil","-2,358,901,700,000,000","-466,821,967",SÃ£o Paulo,04538-132,BR,59:09.4
3896790,BAR BALTHAZAR,Rua Balthazar da Veiga,236,,SP,4510000,Vila Nova ConceiÃ§Ã£o,SP,SAO PAULO,,,,,,NÃ£o,,,,Bar/Especiais,1,1,0,1,OPP,"{""Longitude"":-46.6684849,""Latitude"":-23.5943173,""_file_path"":""/mnt/erp_br/30_dtmart/vw_clnk/fact_clnk/part-00000-tid-1704896776922519115-bce2e01c-04ab-4875-90f8-c2dad320d6a7-6989-1-c000.snappy.parquet""}",0,Offline,clnk,,True,,(11) 2777-3097,Balthazar | Restaurante & Bar,"[{""close"":{""date"":null,""day"":0,""time"":""2000"",""truncated"":null},""open"":{""date"":null,""day"":0,""time"":""1200""}},{""close"":{""date"":null,""day"":2,""time"":""0100"",""truncated"":null},""open"":{""date"":null,""day"":1,""time"":""1700""}},{""close"":{""date"":null,""day"":3,""time"":""0100"",""truncated"":null},""open"":{""date"":null,""day"":2,""time"":""1700""}},{""close"":{""date"":null,""day"":4,""time"":""0100"",""truncated"":null},""open"":{""date"":null,""day"":3,""time"":""1700""}},{""close"":{""date"":null,""day"":5,""time"":""0100"",""truncated"":null},""open"":{""date"":null,""day"":4,""time"":""1700""}},{""close"":{""date"":null,""day"":6,""time"":""0100"",""truncated"":null},""open"":{""date"":null,""day"":5,""time"":""1700""}},{""close"":{""date"":null,""day"":0,""time"":""0100"",""truncated"":null},""open"":{""date"":null,""day"":6,""time"":""1200""}}]",False,OPERATIONAL,,4.5,True,True,,,,,,True,"[""bar"",""restaurant"",""food"",""point_of_interest"",""establishment""]",http://www.balthazarvilanova.com.br/,True,"[{""long_name"":""236"",""short_name"":""236"",""types"":[""street_number""]},{""long_name"":""Rua Balthazar da Veiga"",""short_name"":""R. Balthazar da Veiga"",""types"":[""route""]},{""long_name"":""Vila Nova ConceiÃ§Ã£o"",""short_name"":""Vila Nova ConceiÃ§Ã£o"",""types"":[""sublocality_level_1"",""sublocality"",""political""]},{""long_name"":""SÃ£o Paulo"",""short_name"":""SÃ£o Paulo"",""types"":[""administrative_area_level_2"",""political""]},{""long_name"":""SÃ£o Paulo"",""short_name"":""SP"",""types"":[""administrative_area_level_1"",""political""]},{""long_name"":""Brazil"",""short_name"":""BR"",""types"":[""country"",""political""]},{""long_name"":""04508-001"",""short_name"":""04508-001"",""types"":[""postal_code""]}]",235,"R. Balthazar da Veiga, 236 - Vila Nova ConceiÃ§Ã£o, SÃ£o Paulo - SP","R. Balthazar da Veiga, 236 - Vila Nova ConceiÃ§Ã£o, SÃ£o Paulo - SP, 04508-001, Brazil","-235,943,173","-466,684,849",SÃ£o Paulo,04508-001,BR,10:49.3
12206255,FEIRINHA,Rua Cavazzola,92,,SP,4546060,Vila OlÃ­mpia,SP,SAO PAULO,,,,,,NÃ£o,,,,Bar/Especiais,1,0,0,1,OPP,"{""Longitude"":-46.6764569,""Latitude"":-23.5976637,""_file_path"":""/mnt/erp_br/30_dtmart/vw_clnk/fact_clnk/part-00000-tid-1704896776922519115-bce2e01c-04ab-4875-90f8-c2dad320d6a7-6989-1-c000.snappy.parquet""}",0,Offline,clnk,,True,"Leafy, colorful courtyard bar specializing in cocktails, plus pastries & Scotch eggs.",(11) 91606-9292,Feirinha Bar,"[{""close"":{""date"":null,""day"":0,""time"":""2200"",""truncated"":null},""open"":{""date"":null,""day"":0,""time"":""1400""}},{""close"":{""date"":null,""day"":3,""time"":""2300"",""truncated"":null},""open"":{""date"":null,""day"":3,""time"":""1730""}},{""close"":{""date"":null,""day"":4,""time"":""2300"",""truncated"":null},""open"":{""date"":null,""day"":4,""time"":""1730""}},{""close"":{""date"":null,""day"":5,""time"":""2330"",""truncated"":null},""open"":{""date"":null,""day"":5,""time"":""1730""}},{""close"":{""date"":null,""day"":6,""time"":""2300"",""truncated"":null},""open"":{""date"":null,""day"":6,""time"":""1400""}}]",False,OPERATIONAL,2.0,4.6,True,True,,,,,,True,"[""bar"",""restaurant"",""food"",""point_of_interest"",""establishment""]",http://www.feirinhabar.com.br/,True,"[{""long_name"":""92"",""short_name"":""92"",""types"":[""street_number""]},{""long_name"":""Rua Cavazzola"",""short_name"":""Rua Cavazzola"",""types"":[""route""]},{""long_name"":""Vila OlÃ­mpia"",""short_name"":""Vila OlÃ­mpia"",""types"":[""sublocality_level_1"",""sublocality"",""political""]},{""long_name"":""SÃ£o Paulo"",""short_name"":""SÃ£o Paulo"",""types"":[""administrative_area_level_2"",""political""]},{""long_name"":""SÃ£o Paulo"",""short_name"":""SP"",""types"":[""administrative_area_level_1"",""political""]},{""long_name"":""Brazil"",""short_name"":""BR"",""types"":[""country"",""political""]},{""long_name"":""04546-060"",""short_name"":""04546-060"",""types"":[""postal_code""]}]",2606,"Rua Cavazzola, 92 - Vila OlÃ­mpia, SÃ£o Paulo - SP","Rua Cavazzola, 92 - Vila OlÃ­mpia, SÃ£o Paulo - SP, 04546-060, Brazil","-235,977,218","-466,764,521",SÃ£o Paulo,04546-060,BR,02:03.3
2523972,BOURBON STREET MUSIC CLUB,Rua dos Chanes,127,,SP,4087031,IndianÃ³polis,SP,SAO PAULO,,,,,,NÃ£o,,,,Restaurantes,1,1,0,1,OPP,"{""Longitude"":-46.66919,""Latitude"":-23.61257,""_file_path"":""/mnt/erp_br/30_dtmart/vw_clnk/fact_clnk/part-00000-tid-1704896776922519115-bce2e01c-04ab-4875-90f8-c2dad320d6a7-6989-1-c000.snappy.parquet""}",0,Offline,clnk,,True,"Old-school venue decorated with musical instruments, hosting jazz & blues nights.",(11) 5095-6100,Bourbon Street Music Club,"[{""close"":{""date"":null,""day"":0,""time"":""1800"",""truncated"":null},""open"":{""date"":null,""day"":0,""time"":""1230""}},{""close"":{""date"":null,""day"":0,""time"":""2330"",""truncated"":null},""open"":{""date"":null,""day"":0,""time"":""1900""}},{""close"":{""date"":null,""day"":3,""time"":""0100"",""truncated"":null},""open"":{""date"":null,""day"":2,""time"":""1930""}},{""close"":{""date"":null,""day"":4,""time"":""0100"",""truncated"":null},""open"":{""date"":null,""day"":3,""time"":""1930""}},{""close"":{""date"":null,""day"":5,""time"":""0200"",""truncated"":null},""open"":{""date"":null,""day"":4,""time"":""1930""}},{""close"":{""date"":null,""day"":6,""time"":""0230"",""truncated"":null},""open"":{""date"":null,""day"":5,""time"":""1930""}},{""close"":{""date"":null,""day"":6,""time"":""1800"",""truncated"":null},""open"":{""date"":null,""day"":6,""time"":""1230""}},{""close"":{""date"":null,""day"":0,""time"":""0230"",""truncated"":null},""open"":{""date"":null,""day"":6,""time"":""1900""}}]",False,OPERATIONAL,3.0,4.7,True,True,,,,,,True,"[""night_club"",""bar"",""restaurant"",""food"",""point_of_interest"",""establishment""]",http://www.bourbonstreet.com.br/,True,"[{""long_name"":""127"",""short_name"":""127"",""types"":[""street_number""]},{""long_name"":""Rua dos ChanÃ©s"",""short_name"":""R. dos ChanÃ©s"",""types"":[""route""]},{""long_name"":""Moema"",""short_name"":""Moema"",""types"":[""sublocality_level_1"",""sublocality"",""political""]},{""long_name"":""SÃ£o Paulo"",""short_name"":""SÃ£o Paulo"",""types"":[""administrative_area_level_2"",""political""]},{""long_name"":""SÃ£o Paulo"",""short_name"":""SP"",""types"":[""administrative_area_level_1"",""political""]},{""long_name"":""Brazil"",""short_name"":""BR"",""types"":[""country"",""political""]},{""long_name"":""04087-031"",""short_name"":""04087-031"",""types"":[""postal_code""]}]",4623,"R. dos ChanÃ©s, 127 - Moema, SÃ£o Paulo - SP","R. dos ChanÃ©s, 127 - Moema, SÃ£o Paulo - SP, 04087-031, Brazil","-2,361,265,760,000,000","-46,668,912",SÃ£o Paulo,04087-031,BR,02:03.3
303631,LOTE SP,Rua Padre JoÃ£o GonÃ§alves 80,S/N,,SP,5432040,Pinheiros,SP,SAO PAULO,,,,,,NÃ£o,,,,Bar/Especiais,1,0,0,1,OPP,"{""Longitude"":-46.68795,""Latitude"":-23.55996,""_file_path"":""/mnt/erp_br/30_dtmart/vw_clnk/fact_clnk/part-00000-tid-1704896776922519115-bce2e01c-04ab-4875-90f8-c2dad320d6a7-6989-1-c000.snappy.parquet""}",0,Offline,clnk,,True,"Hip, alfresco bar in a colorful courtyard with picnic tables & a DJ serving beer & light bites.",,Lote,"[{""close"":{""date"":null,""day"":0,""time"":""2200"",""truncated"":null},""open"":{""date"":null,""day"":0,""time"":""1500""}},{""close"":{""date"":null,""day"":4,""time"":""2200"",""truncated"":null},""open"":{""date"":null,""day"":4,""time"":""1500""}},{""close"":{""date"":null,""day"":5,""time"":""2200"",""truncated"":null},""open"":{""date"":null,""day"":5,""time"":""1500""}},{""close"":{""date"":null,""day"":6,""time"":""2200"",""truncated"":null},""open"":{""date"":null,""day"":6,""time"":""1500""}}]",False,OPERATIONAL,,4.3,,True,,,,,,,"[""bar"",""point_of_interest"",""establishment""]",https://www.instagram.com/lote.sp/,True,"[{""long_name"":""80"",""short_name"":""80"",""types"":[""street_number""]},{""long_name"":""Rua Padre JoÃ£o GonÃ§alves"",""short_name"":""R. Padre JoÃ£o GonÃ§alves"",""types"":[""route""]},{""long_name"":""Pinheiros"",""short_name"":""Pinheiros"",""types"":[""sublocality_level_1"",""sublocality"",""political""]},{""long_name"":""SÃ£o Paulo"",""short_name"":""SÃ£o Paulo"",""types"":[""administrative_area_level_2"",""political""]},{""long_name"":""SÃ£o Paulo"",""short_name"":""SP"",""types"":[""administrative_area_level_1"",""political""]},{""long_name"":""Brazil"",""short_name"":""BR"",""types"":[""country"",""political""]},{""long_name"":""05432-040"",""short_name"":""05432-040"",""types"":[""postal_code""]}]",283,"R. Padre JoÃ£o GonÃ§alves, 80 - Pinheiros, SÃ£o Paulo - SP","R. Padre JoÃ£o GonÃ§alves, 80 - Pinheiros, SÃ£o Paulo - SP, 05432-040, Brazil","-235,601,182","-466,877,587",SÃ£o Paulo,05432-040,BR,45:11.1
675968,SKYE BAR,Avenida Brigadeiro LuÃ­s AntÃ´nio,4700,,SP,1402002,Jardim Paulista,SP,SAO PAULO,,,,,,NÃ£o,,,,Bar/Especiais,1,1,0,1,OPP,"{""Longitude"":-46.6669454,""Latitude"":-23.5817085,""_file_path"":""/mnt/erp_br/30_dtmart/vw_clnk/fact_clnk/part-00000-tid-1704896776922519115-bce2e01c-04ab-4875-90f8-c2dad320d6a7-6989-1-c000.snappy.parquet""}",0,Offline,clnk,,True,"A sophisticated rooftop restaurant & bar at Hotel Unique, with a pool & a view of the city.",(11) 3055-4700,Skye,"[{""close"":{""date"":null,""day"":0,""time"":""1100"",""truncated"":null},""open"":{""date"":null,""day"":0,""time"":""0700""}},{""close"":{""date"":null,""day"":0,""time"":""1530"",""truncated"":null},""open"":{""date"":null,""day"":0,""time"":""1300""}},{""close"":{""date"":null,""day"":0,""time"":""2330"",""truncated"":null},""open"":{""date"":null,""day"":0,""time"":""1800""}},{""close"":{""date"":null,""day"":1,""time"":""1100"",""truncated"":null},""open"":{""date"":null,""day"":1,""time"":""0700""}},{""close"":{""date"":null,""day"":1,""time"":""1530"",""truncated"":null},""open"":{""date"":null,""day"":1,""time"":""1200""}},{""close"":{""date"":null,""day"":2,""time"":""0030"",""truncated"":null},""open"":{""date"":null,""day"":1,""time"":""1800""}},{""close"":{""date"":null,""day"":2,""time"":""1100"",""truncated"":null},""open"":{""date"":null,""day"":2,""time"":""0700""}},{""close"":{""date"":null,""day"":2,""time"":""1530"",""truncated"":null},""open"":{""date"":null,""day"":2,""time"":""1200""}},{""close"":{""date"":null,""day"":3,""time"":""0030"",""truncated"":null},""open"":{""date"":null,""day"":2,""time"":""1800""}},{""close"":{""date"":null,""day"":3,""time"":""1100"",""truncated"":null},""open"":{""date"":null,""day"":3,""time"":""0700""}},{""close"":{""date"":null,""day"":3,""time"":""1530"",""truncated"":null},""open"":{""date"":null,""day"":3,""time"":""1200""}},{""close"":{""date"":null,""day"":4,""time"":""0030"",""truncated"":null},""open"":{""date"":null,""day"":3,""time"":""1800""}},{""close"":{""date"":null,""day"":4,""time"":""1100"",""truncated"":null},""open"":{""date"":null,""day"":4,""time"":""0700""}},{""close"":{""date"":null,""day"":4,""time"":""1530"",""truncated"":null},""open"":{""date"":null,""day"":4,""time"":""1200""}},{""close"":{""date"":null,""day"":5,""time"":""0030"",""truncated"":null},""open"":{""date"":null,""day"":4,""time"":""1800""}},{""close"":{""date"":null,""day"":5,""time"":""1100"",""truncated"":null},""open"":{""date"":null,""day"":5,""time"":""0700""}},{""close"":{""date"":null,""day"":5,""time"":""1530"",""truncated"":null},""open"":{""date"":null,""day"":5,""time"":""1200""}},{""close"":{""date"":null,""day"":6,""time"":""0030"",""truncated"":null},""open"":{""date"":null,""day"":5,""time"":""1800""}},{""close"":{""date"":null,""day"":6,""time"":""1100"",""truncated"":null},""open"":{""date"":null,""day"":6,""time"":""0700""}},{""close"":{""date"":null,""day"":6,""time"":""1530"",""truncated"":null},""open"":{""date"":null,""day"":6,""time"":""1300""}},{""close"":{""date"":null,""day"":0,""time"":""0030"",""truncated"":null},""open"":{""date"":null,""day"":6,""time"":""1800""}}]",True,OPERATIONAL,4.0,4.6,True,True,True,True,True,True,True,True,"[""restaurant"",""bar"",""point_of_interest"",""food"",""establishment""]",http://www.hotelunique.com/,True,"[{""long_name"":""4700"",""short_name"":""4700"",""types"":[""street_number""]},{""long_name"":""Avenida Brigadeiro LuÃ­s AntÃ´nio"",""short_name"":""Av. Brigadeiro LuÃ­s AntÃ´nio"",""types"":[""route""]},{""long_name"":""Jardim Paulista"",""short_name"":""Jardim Paulista"",""types"":[""sublocality_level_1"",""sublocality"",""political""]},{""long_name"":""SÃ£o Paulo"",""short_name"":""SÃ£o Paulo"",""types"":[""administrative_area_level_2"",""political""]},{""long_name"":""SÃ£o Paulo"",""short_name"":""SP"",""types"":[""administrative_area_level_1"",""political""]},{""long_name"":""Brazil"",""short_name"":""BR"",""types"":[""country"",""political""]},{""long_name"":""01402-002"",""short_name"":""01402-002"",""types"":[""postal_code""]}]",4878,"Av. Brigadeiro LuÃ­s AntÃ´nio, 4700 - Jardim Paulista, SÃ£o Paulo - SP","Av. Brigadeiro LuÃ­s AntÃ´nio, 4700 - Jardim Paulista, SÃ£o Paulo - SP, 01402-002, Brazil","-235,818,501","-466,670,647",SÃ£o Paulo,01402-002,BR,59:09.4
5017302,FATZ BURGER,Rua Cunha Gago,854,,SP,5421001,Pinheiros,SP,SAO PAULO,,,,,,NÃ£o,,,,Bar/Especiais,1,1,0,1,OPP,"{""Longitude"":-46.6941147,""Latitude"":-23.561589,""_file_path"":""/mnt/erp_br/30_dtmart/vw_clnk/fact_clnk/part-00000-tid-1704896776922519115-bce2e01c-04ab-4875-90f8-c2dad320d6a7-6989-1-c000.snappy.parquet""}",0,Offline,clnk,,True,,(11) 3037-7273,Fatz DelÃ­cias,"[{""close"":{""date"":null,""day"":1,""time"":""0000"",""truncated"":null},""open"":{""date"":null,""day"":0,""time"":""1130""}},{""close"":{""date"":null,""day"":2,""time"":""0000"",""truncated"":null},""open"":{""date"":null,""day"":1,""time"":""1130""}},{""close"":{""date"":null,""day"":3,""time"":""0000"",""truncated"":null},""open"":{""date"":null,""day"":2,""time"":""1130""}},{""close"":{""date"":null,""day"":4,""time"":""0000"",""truncated"":null},""open"":{""date"":null,""day"":3,""time"":""1130""}},{""close"":{""date"":null,""day"":5,""time"":""0400"",""truncated"":null},""open"":{""date"":null,""day"":4,""time"":""1130""}},{""close"":{""date"":null,""day"":6,""time"":""0400"",""truncated"":null},""open"":{""date"":null,""day"":5,""time"":""1130""}},{""close"":{""date"":null,""day"":0,""time"":""0400"",""truncated"":null},""open"":{""date"":null,""day"":6,""time"":""1130""}}]",False,OPERATIONAL,2.0,4.5,False,True,False,,True,True,,False,"[""restaurant"",""food"",""point_of_interest"",""establishment""]",https://instagram.com/fatzdelicias?igshid=NzZlODBkYWE4Ng==,,"[{""long_name"":""854"",""short_name"":""854"",""types"":[""street_number""]},{""long_name"":""Rua Cunha Gago"",""short_name"":""R. Cunha Gago"",""types"":[""route""]},{""long_name"":""Pinheiros"",""short_name"":""Pinheiros"",""types"":[""sublocality_level_1"",""sublocality"",""political""]},{""long_name"":""SÃ£o Paulo"",""short_name"":""SÃ£o Paulo"",""types"":[""administrative_area_level_2"",""political""]},{""long_name"":""SÃ£o Paulo"",""short_name"":""SP"",""types"":[""administrative_area_level_1"",""political""]},{""long_name"":""Brazil"",""short_name"":""BR"",""types"":[""country"",""political""]},{""long_name"":""05421-001"",""short_name"":""05421-001"",""types"":[""postal_code""]}]",1071,"R. Cunha Gago, 854 - Pinheiros, SÃ£o Paulo - SP","R. Cunha Gago, 854 - Pinheiros, SÃ£o Paulo - SP, 05421-001, Brazil","-23,561,589","-466,941,147",SÃ£o Paulo,05421-001,BR,59:09.4
2017171,BAR DA DONA ONCA,Avenida Ipiranga,200,,SP,1046010,RepÃºblica,SP,SAO PAULO,,,,,,NÃ£o,,,,Bar/Especiais,1,0,0,1,OPP,"{""Longitude"":-46.64467070000001,""Latitude"":-23.5464614,""_file_path"":""/mnt/erp_br/30_dtmart/vw_clnk/fact_clnk/part-00000-tid-1704896776922519115-bce2e01c-04ab-4875-90f8-c2dad320d6a7-6989-1-c000.snappy.parquet""}",0,Offline,clnk,,True,"Traditional, charming & softly lit restaurant serving a variety of dishes in the Copan Building.",(11) 3257-2016,Bar da Dona OnÃ§a,"[{""close"":{""date"":null,""day"":0,""time"":""1700"",""truncated"":null},""open"":{""date"":null,""day"":0,""time"":""1200""}},{""close"":{""date"":null,""day"":1,""time"":""2300"",""truncated"":null},""open"":{""date"":null,""day"":1,""time"":""1200""}},{""close"":{""date"":null,""day"":2,""time"":""2300"",""truncated"":null},""open"":{""date"":null,""day"":2,""time"":""1200""}},{""close"":{""date"":null,""day"":3,""time"":""2300"",""truncated"":null},""open"":{""date"":null,""day"":3,""time"":""1200""}},{""close"":{""date"":null,""day"":4,""time"":""2300"",""truncated"":null},""open"":{""date"":null,""day"":4,""time"":""1200""}},{""close"":{""date"":null,""day"":5,""time"":""2300"",""truncated"":null},""open"":{""date"":null,""day"":5,""time"":""1200""}},{""close"":{""date"":null,""day"":6,""time"":""2300"",""truncated"":null},""open"":{""date"":null,""day"":6,""time"":""1200""}}]",False,OPERATIONAL,3.0,4.4,True,True,False,True,True,True,False,True,"[""bar"",""restaurant"",""food"",""point_of_interest"",""establishment""]",http://www.bardadonaonca.com.br/,True,"[{""long_name"":""27 e 29"",""short_name"":""27 e 29"",""types"":[""subpremise""]},{""long_name"":""EdifÃ­cio Copan"",""short_name"":""EdifÃ­cio Copan"",""types"":[""premise""]},{""long_name"":""200"",""short_name"":""200"",""types"":[""street_number""]},{""long_name"":""Avenida Ipiranga"",""short_name"":""Av. Ipiranga"",""types"":[""route""]},{""long_name"":""Centro HistÃ³rico de SÃ£o Paulo"",""short_name"":""Centro HistÃ³rico de SÃ£o Paulo"",""types"":[""sublocality_level_1"",""sublocality"",""political""]},{""long_name"":""SÃ£o Paulo"",""short_name"":""SÃ£o Paulo"",""types"":[""administrative_area_level_2"",""political""]},{""long_name"":""SÃ£o Paulo"",""short_name"":""SP"",""types"":[""administrative_area_level_1"",""political""]},{""long_name"":""Brazil"",""short_name"":""BR"",""types"":[""country"",""political""]},{""long_name"":""01046-925"",""short_name"":""01046-925"",""types"":[""postal_code""]}]",8124,"EdifÃ­cio Copan - Av. Ipiranga, 200 - 27 e 29 - Centro HistÃ³rico de SÃ£o Paulo, SÃ£o Paulo - SP","EdifÃ­cio Copan - Av. Ipiranga, 200 - 27 e 29 - Centro HistÃ³rico de SÃ£o Paulo, SÃ£o Paulo - SP, 01046-925, Brazil","-235,465,084","-4,664,453,169,999,990",SÃ£o Paulo,01046-925,BR,59:09.4
17848374,BERNADETTE,Rua Augusta 1405,1405,,SP,1305100,ConsolaÃ§Ã£o,SP,SAO PAULO,,,,,,NÃ£o,,,,Restaurantes,1,1,0,1,OPP,"{""Longitude"":-46.657933,""Latitude"":-23.556089,""_file_path"":""/mnt/erp_br/30_dtmart/vw_clnk/fact_clnk/part-00000-tid-1704896776922519115-bce2e01c-04ab-4875-90f8-c2dad320d6a7-6989-1-c000.snappy.parquet""}",0,Offline,clnk,,True,,(11) 96249-0465,Bernadette,"[{""close"":{""date"":null,""day"":1,""time"":""0000"",""truncated"":null},""open"":{""date"":null,""day"":0,""time"":""1300""}},{""close"":{""date"":null,""day"":2,""time"":""0100"",""truncated"":null},""open"":{""date"":null,""day"":1,""time"":""1600""}},{""close"":{""date"":null,""day"":3,""time"":""0000"",""truncated"":null},""open"":{""date"":null,""day"":2,""time"":""1700""}},{""close"":{""date"":null,""day"":4,""time"":""0000"",""truncated"":null},""open"":{""date"":null,""day"":3,""time"":""1700""}},{""close"":{""date"":null,""day"":5,""time"":""0100"",""truncated"":null},""open"":{""date"":null,""day"":4,""time"":""1600""}},{""close"":{""date"":null,""day"":6,""time"":""0200"",""truncated"":null},""open"":{""date"":null,""day"":5,""time"":""1600""}},{""close"":{""date"":null,""day"":0,""time"":""0200"",""truncated"":null},""open"":{""date"":null,""day"":6,""time"":""1400""}}]",False,OPERATIONAL,,4.6,True,True,,,True,,,True,"[""restaurant"",""point_of_interest"",""food"",""establishment""]",https://bernadette.casa/,True,"[{""long_name"":""1405"",""short_name"":""1405"",""types"":[""street_number""]},{""long_name"":""Rua Augusta"",""short_name"":""R. Augusta"",""types"":[""route""]},{""long_name"":""ConsolaÃ§Ã£o"",""short_name"":""ConsolaÃ§Ã£o"",""types"":[""sublocality_level_1"",""sublocality"",""political""]},{""long_name"":""SÃ£o Paulo"",""short_name"":""SÃ£o Paulo"",""types"":[""administrative_area_level_2"",""political""]},{""long_name"":""SÃ£o Paulo"",""short_name"":""SP"",""types"":[""administrative_area_level_1"",""political""]},{""long_name"":""Brazil"",""short_name"":""BR"",""types"":[""country"",""political""]},{""long_name"":""01305-100"",""short_name"":""01305-100"",""types"":[""postal_code""]}]",68,"R. Augusta, 1405 - ConsolaÃ§Ã£o, SÃ£o Paulo - SP","R. Augusta, 1405 - ConsolaÃ§Ã£o, SÃ£o Paulo - SP, 01305-100, Brazil","-23,556,089","-4,665,793,300,000,000",SÃ£o Paulo,01305-100,BR,59:09.4
2403706,HEAVY HOUSE,Rua Benjamim Egas,297,,SP,5418030,Pinheiros,SP,SAO PAULO,,,,,,NÃ£o,,,,Bar/Especiais,1,0,0,1,OPP,"{""Longitude"":-46.68902869999999,""Latitude"":-23.5665219,""_file_path"":""/mnt/erp_br/30_dtmart/vw_clnk/fact_clnk/part-00000-tid-1704896776922519115-bce2e01c-04ab-4875-90f8-c2dad320d6a7-6989-1-c000.snappy.parquet""}",0,Offline,clnk,,True,"Relaxed watering hole with a hip ambiance & outdoor seating, serving cocktails & small plates.",,Heavy House,"[{""close"":{""date"":null,""day"":1,""time"":""0100"",""truncated"":null},""open"":{""date"":null,""day"":0,""time"":""1600""}},{""close"":{""date"":null,""day"":4,""time"":""0100"",""truncated"":null},""open"":{""date"":null,""day"":3,""time"":""1900""}},{""close"":{""date"":null,""day"":5,""time"":""0100"",""truncated"":null},""open"":{""date"":null,""day"":4,""time"":""1900""}},{""close"":{""date"":null,""day"":6,""time"":""0100"",""truncated"":null},""open"":{""date"":null,""day"":5,""time"":""1900""}},{""close"":{""date"":null,""day"":0,""time"":""0100"",""truncated"":null},""open"":{""date"":null,""day"":6,""time"":""1700""}}]",False,OPERATIONAL,2.0,4.3,True,True,,,,,,True,"[""bar"",""restaurant"",""point_of_interest"",""food"",""establishment""]",https://www.instagram.com/heavyhouse___/,True,"[{""long_name"":""297"",""short_name"":""297"",""types"":[""street_number""]},{""long_name"":""Rua Benjamim Egas"",""short_name"":""Rua Benjamim Egas"",""types"":[""route""]},{""long_name"":""Pinheiros"",""short_name"":""Pinheiros"",""types"":[""sublocality_level_1"",""sublocality"",""political""]},{""long_name"":""SÃ£o Paulo"",""short_name"":""SÃ£o Paulo"",""types"":[""administrative_area_level_2"",""political""]},{""long_name"":""SÃ£o Paulo"",""short_name"":""SP"",""types"":[""administrative_area_level_1"",""political""]},{""long_name"":""Brazil"",""short_name"":""BR"",""types"":[""country"",""political""]},{""long_name"":""01452-020"",""short_name"":""01452-020"",""types"":[""postal_code""]}]",622,"Rua Benjamim Egas, 297 - Pinheiros, SÃ£o Paulo - SP","Rua Benjamim Egas, 297 - Pinheiros, SÃ£o Paulo - SP, 01452-020, Brazil","-235,665,212","-466,890,295",SÃ£o Paulo,01452-020,BR,02:03.3
25231211,PAPAROTO CUCINA,Avenida Presidente Juscelino Kubitschek,2041,,SP,4543011,Vila Nova ConceiÃ§Ã£o,SP,SAO PAULO,,,,,,NÃ£o,,,,Bar/Especiais,1,0,0,1,OPP,"{""Longitude"":-46.68339,""Latitude"":-23.5913123,""_file_path"":""/mnt/erp_br/30_dtmart/vw_clnk/fact_clnk/part-00000-tid-1704896776922519115-bce2e01c-04ab-4875-90f8-c2dad320d6a7-6989-1-c000.snappy.parquet""}",0,Offline,clnk,,True,,(11) 93260-7711,Paparoto Cucina,"[{""close"":{""date"":null,""day"":0,""time"":""1700"",""truncated"":null},""open"":{""date"":null,""day"":0,""time"":""1200""}},{""close"":{""date"":null,""day"":1,""time"":""1530"",""truncated"":null},""open"":{""date"":null,""day"":1,""time"":""1200""}},{""close"":{""date"":null,""day"":1,""time"":""2300"",""truncated"":null},""open"":{""date"":null,""day"":1,""time"":""1900""}},{""close"":{""date"":null,""day"":2,""time"":""1530"",""truncated"":null},""open"":{""date"":null,""day"":2,""time"":""1200""}},{""close"":{""date"":null,""day"":2,""time"":""2300"",""truncated"":null},""open"":{""date"":null,""day"":2,""time"":""1900""}},{""close"":{""date"":null,""day"":3,""time"":""1530"",""truncated"":null},""open"":{""date"":null,""day"":3,""time"":""1200""}},{""close"":{""date"":null,""day"":3,""time"":""2300"",""truncated"":null},""open"":{""date"":null,""day"":3,""time"":""1900""}},{""close"":{""date"":null,""day"":4,""time"":""1530"",""truncated"":null},""open"":{""date"":null,""day"":4,""time"":""1200""}},{""close"":{""date"":null,""day"":4,""time"":""2300"",""truncated"":null},""open"":{""date"":null,""day"":4,""time"":""1900""}},{""close"":{""date"":null,""day"":5,""time"":""1530"",""truncated"":null},""open"":{""date"":null,""day"":5,""time"":""1200""}},{""close"":{""date"":null,""day"":5,""time"":""2300"",""truncated"":null},""open"":{""date"":null,""day"":5,""time"":""1900""}},{""close"":{""date"":null,""day"":6,""time"":""1600"",""truncated"":null},""open"":{""date"":null,""day"":6,""time"":""1200""}},{""close"":{""date"":null,""day"":0,""time"":""0000"",""truncated"":null},""open"":{""date"":null,""day"":6,""time"":""1900""}}]",False,OPERATIONAL,,4.6,True,,False,False,True,True,,True,"[""restaurant"",""point_of_interest"",""food"",""establishment""]",,True,"[{""long_name"":""TÃ©rreo"",""short_name"":""TÃ©rreo"",""types"":[""subpremise""]},{""long_name"":""2041"",""short_name"":""2041"",""types"":[""street_number""]},{""long_name"":""Avenida Presidente Juscelino Kubitschek"",""short_name"":""Avenida Presidente Juscelino Kubitschek"",""types"":[""route""]},{""long_name"":""Vila Nova ConceiÃ§Ã£o"",""short_name"":""Vila Nova ConceiÃ§Ã£o"",""types"":[""sublocality_level_1"",""sublocality"",""political""]},{""long_name"":""SÃ£o Paulo"",""short_name"":""SÃ£o Paulo"",""types"":[""administrative_area_level_2"",""political""]},{""long_name"":""SÃ£o Paulo"",""short_name"":""SP"",""types"":[""administrative_area_level_1"",""political""]},{""long_name"":""Brazil"",""short_name"":""BR"",""types"":[""country"",""political""]},{""long_name"":""04543-011"",""short_name"":""04543-011"",""types"":[""postal_code""]}]",1388,"Av. Pres. Juscelino Kubitschek, 2041 - TÃ©rreo - Vila Nova ConceiÃ§Ã£o, SÃ£o Paulo - SP","Av. Pres. Juscelino Kubitschek, 2041 - TÃ©rreo - Vila Nova ConceiÃ§Ã£o, SÃ£o Paulo - SP, 04543-011, Brazil","-23,592,075","-4,669,115",SÃ£o Paulo,04543-011,BR,59:09.4
7208435,PASQUIM BAR E PROSA,Rua Fradique Coutinho,1097,ANEXO 1097 A ANEXO 1097 B,SP,5416011,Pinheiros,SP,SAO PAULO,,,,,,NÃ£o,,,,Bar/Especiais,1,1,0,1,OPP,"{""Longitude"":-46.69024,""Latitude"":-23.55794,""_file_path"":""/mnt/erp_br/30_dtmart/vw_clnk/fact_clnk/part-00000-tid-1704896776922519115-bce2e01c-04ab-4875-90f8-c2dad320d6a7-6989-1-c000.snappy.parquet""}",0,Offline,clnk,,True,"Nightspot frequented by artists & intellectuals, serving a variety of spirits, draft beer & snacks.",(11) 99919-7767,O Pasquim Bar e Prosa Vila Madalena,"[{""close"":{""date"":null,""day"":1,""time"":""0000"",""truncated"":null},""open"":{""date"":null,""day"":0,""time"":""1200""}},{""close"":{""date"":null,""day"":2,""time"":""0000"",""truncated"":null},""open"":{""date"":null,""day"":1,""time"":""1200""}},{""close"":{""date"":null,""day"":3,""time"":""0000"",""truncated"":null},""open"":{""date"":null,""day"":2,""time"":""1200""}},{""close"":{""date"":null,""day"":4,""time"":""0000"",""truncated"":null},""open"":{""date"":null,""day"":3,""time"":""1200""}},{""close"":{""date"":null,""day"":5,""time"":""0000"",""truncated"":null},""open"":{""date"":null,""day"":4,""time"":""1200""}},{""close"":{""date"":null,""day"":6,""time"":""0100"",""truncated"":null},""open"":{""date"":null,""day"":5,""time"":""1200""}},{""close"":{""date"":null,""day"":0,""time"":""0100"",""truncated"":null},""open"":{""date"":null,""day"":6,""time"":""1200""}}]",False,OPERATIONAL,2.0,4.3,True,True,,,,,,True,"[""bar"",""point_of_interest"",""establishment""]",http://www.opasquimbar.com.br/,True,"[{""long_name"":""524"",""short_name"":""524"",""types"":[""street_number""]},{""long_name"":""Rua Aspicuelta"",""short_name"":""R. Aspicuelta"",""types"":[""route""]},{""long_name"":""Vila Madalena"",""short_name"":""Vila Madalena"",""types"":[""sublocality_level_1"",""sublocality"",""political""]},{""long_name"":""SÃ£o Paulo"",""short_name"":""SÃ£o Paulo"",""types"":[""administrative_area_level_2"",""political""]},{""long_name"":""SÃ£o Paulo"",""short_name"":""SP"",""types"":[""administrative_area_level_1"",""political""]},{""long_name"":""Brazil"",""short_name"":""BR"",""types"":[""country"",""political""]},{""long_name"":""05433-011"",""short_name"":""05433-011"",""types"":[""postal_code""]}]",4621,"R. Aspicuelta, 524 - Vila Madalena, SÃ£o Paulo - SP","R. Aspicuelta, 524 - Vila Madalena, SÃ£o Paulo - SP, 05433-011, Brazil","-2,355,793,190,000,000","-466,903,496",SÃ£o Paulo,05433-011,BR,02:03.3
2315788,MOCOTO - BAR E RESTAURANTE,Avenida Nossa Senhora do Loreto,1100,,SP,2219001,Vila Medeiros,SP,SAO PAULO,,,,,,NÃ£o,,,,Bar/Especiais,1,0,0,1,OPP,"{""Longitude"":-46.5816933,""Latitude"":-23.4867177,""_file_path"":""/mnt/erp_br/30_dtmart/vw_clnk/fact_clnk/part-00000-tid-1704896776922519115-bce2e01c-04ab-4875-90f8-c2dad320d6a7-6989-1-c000.snappy.parquet""}",0,Offline,clnk,,True,"A contemporary, art-themed Northeastern restaurant serving delicious traditional dishes.",(11) 2951-3056,MocotÃ³ - Bar e Restaurante,"[{""close"":{""date"":null,""day"":0,""time"":""1700"",""truncated"":null},""open"":{""date"":null,""day"":0,""time"":""1130""}},{""close"":{""date"":null,""day"":1,""time"":""2300"",""truncated"":null},""open"":{""date"":null,""day"":1,""time"":""1200""}},{""close"":{""date"":null,""day"":2,""time"":""2300"",""truncated"":null},""open"":{""date"":null,""day"":2,""time"":""1200""}},{""close"":{""date"":null,""day"":3,""time"":""2300"",""truncated"":null},""open"":{""date"":null,""day"":3,""time"":""1200""}},{""close"":{""date"":null,""day"":4,""time"":""2300"",""truncated"":null},""open"":{""date"":null,""day"":4,""time"":""1200""}},{""close"":{""date"":null,""day"":5,""time"":""2300"",""truncated"":null},""open"":{""date"":null,""day"":5,""time"":""1200""}},{""close"":{""date"":null,""day"":6,""time"":""2300"",""truncated"":null},""open"":{""date"":null,""day"":6,""time"":""1130""}}]",False,OPERATIONAL,2.0,4.7,True,True,False,False,True,True,False,True,"[""restaurant"",""point_of_interest"",""food"",""establishment""]",http://www.mocoto.com.br/,True,"[{""long_name"":""1100"",""short_name"":""1100"",""types"":[""street_number""]},{""long_name"":""Avenida Nossa Senhora do Loreto"",""short_name"":""Av. Nossa Sra. do Loreto"",""types"":[""route""]},{""long_name"":""Vila Medeiros"",""short_name"":""Vila Medeiros"",""types"":[""sublocality_level_1"",""sublocality"",""political""]},{""long_name"":""SÃ£o Paulo"",""short_name"":""SÃ£o Paulo"",""types"":[""administrative_area_level_2"",""political""]},{""long_name"":""SÃ£o Paulo"",""short_name"":""SP"",""types"":[""administrative_area_level_1"",""political""]},{""long_name"":""Brazil"",""short_name"":""BR"",""types"":[""country"",""political""]},{""long_name"":""02219-001"",""short_name"":""02219-001"",""types"":[""postal_code""]}]",16357,"Av. Nossa Sra. do Loreto, 1100 - Vila Medeiros, SÃ£o Paulo - SP","Av. Nossa Sra. do Loreto, 1100 - Vila Medeiros, SÃ£o Paulo - SP, 02219-001, Brazil","-2,348,671,770,000,000","-465,816,933",SÃ£o Paulo,02219-001,BR,02:03.3
298184,TOKYO SP 110,Rua Major SertÃ³rio,114,,SP,1222000,Vila Buarque,SP,SAO PAULO,,,,,,NÃ£o,,,,Bar/Especiais,1,0,0,1,OPP,"{""Longitude"":-46.6451706,""Latitude"":-23.5454091,""_file_path"":""/mnt/erp_br/30_dtmart/vw_clnk/fact_clnk/part-00000-tid-1704896776922519115-bce2e01c-04ab-4875-90f8-c2dad320d6a7-6989-1-c000.snappy.parquet""}",0,Offline,clnk,,True,,(11) 98840-2083,TrÃ³pico,"[{""close"":{""date"":null,""day"":0,""time"":""1800"",""truncated"":null},""open"":{""date"":null,""day"":0,""time"":""1200""}},{""close"":{""date"":null,""day"":1,""time"":""2300"",""truncated"":null},""open"":{""date"":null,""day"":1,""time"":""1800""}},{""close"":{""date"":null,""day"":2,""time"":""2300"",""truncated"":null},""open"":{""date"":null,""day"":2,""time"":""1800""}},{""close"":{""date"":null,""day"":3,""time"":""2300"",""truncated"":null},""open"":{""date"":null,""day"":3,""time"":""1800""}},{""close"":{""date"":null,""day"":5,""time"":""0030"",""truncated"":null},""open"":{""date"":null,""day"":4,""time"":""1800""}},{""close"":{""date"":null,""day"":6,""time"":""0030"",""truncated"":null},""open"":{""date"":null,""day"":5,""time"":""1800""}},{""close"":{""date"":null,""day"":0,""time"":""0030"",""truncated"":null},""open"":{""date"":null,""day"":6,""time"":""1200""}}]",False,OPERATIONAL,,4.2,True,True,True,True,True,True,True,True,"[""restaurant"",""food"",""point_of_interest"",""establishment""]",https://www.instagram.com/tropico.sp/,True,"[{""long_name"":""114"",""short_name"":""114"",""types"":[""street_number""]},{""long_name"":""Rua Major SertÃ³rio"",""short_name"":""R. Maj. SertÃ³rio"",""types"":[""route""]},{""long_name"":""Vila Buarque"",""short_name"":""Vila Buarque"",""types"":[""sublocality_level_1"",""sublocality"",""political""]},{""long_name"":""SÃ£o Paulo"",""short_name"":""SÃ£o Paulo"",""types"":[""administrative_area_level_2"",""political""]},{""long_name"":""SÃ£o Paulo"",""short_name"":""SP"",""types"":[""administrative_area_level_1"",""political""]},{""long_name"":""Brazil"",""short_name"":""BR"",""types"":[""country"",""political""]},{""long_name"":""01222-001"",""short_name"":""01222-001"",""types"":[""postal_code""]}]",108,"R. Maj. SertÃ³rio, 114 - Vila Buarque, SÃ£o Paulo - SP","R. Maj. SertÃ³rio, 114 - Vila Buarque, SÃ£o Paulo - SP, 01222-001, Brazil","-235,454,091","-466,451,706",SÃ£o Paulo,01222-001,BR,48:52.0
5323510,LOCALE CAFFE,Rua Manuel Guedes,349,,SP,4536070,Jardim Europa,SP,SAO PAULO,,,,,,NÃ£o,,,,Bar/Especiais,1,0,0,1,OPP,"{""Longitude"":-46.67913,""Latitude"":-23.58358,""_file_path"":""/mnt/erp_br/30_dtmart/vw_clnk/fact_clnk/part-00000-tid-1704896776922519115-bce2e01c-04ab-4875-90f8-c2dad320d6a7-6989-1-c000.snappy.parquet""}",0,Offline,clnk,,True,,(11) 94140-4371,LOCALE caffÃ¨,"[{""close"":{""date"":null,""day"":0,""time"":""2200"",""truncated"":null},""open"":{""date"":null,""day"":0,""time"":""0800""}},{""close"":{""date"":null,""day"":1,""time"":""1800"",""truncated"":null},""open"":{""date"":null,""day"":1,""time"":""0800""}},{""close"":{""date"":null,""day"":2,""time"":""2300"",""truncated"":null},""open"":{""date"":null,""day"":2,""time"":""0800""}},{""close"":{""date"":null,""day"":4,""time"":""0000"",""truncated"":null},""open"":{""date"":null,""day"":3,""time"":""0800""}},{""close"":{""date"":null,""day"":5,""time"":""0000"",""truncated"":null},""open"":{""date"":null,""day"":4,""time"":""0800""}},{""close"":{""date"":null,""day"":6,""time"":""0000"",""truncated"":null},""open"":{""date"":null,""day"":5,""time"":""0800""}},{""close"":{""date"":null,""day"":0,""time"":""0000"",""truncated"":null},""open"":{""date"":null,""day"":6,""time"":""0800""}}]",True,OPERATIONAL,,4.6,,,,,,,,,"[""food"",""store"",""point_of_interest"",""establishment""]",http://www.localecaffe.com.br/,True,"[{""long_name"":""349"",""short_name"":""349"",""types"":[""street_number""]},{""long_name"":""Rua Manuel Guedes"",""short_name"":""R. Manuel Guedes"",""types"":[""route""]},{""long_name"":""Itaim Bibi"",""short_name"":""Itaim Bibi"",""types"":[""sublocality_level_1"",""sublocality"",""political""]},{""long_name"":""SÃ£o Paulo"",""short_name"":""SÃ£o Paulo"",""types"":[""administrative_area_level_2"",""political""]},{""long_name"":""SÃ£o Paulo"",""short_name"":""SP"",""types"":[""administrative_area_level_1"",""political""]},{""long_name"":""Brazil"",""short_name"":""BR"",""types"":[""country"",""political""]},{""long_name"":""04536-070"",""short_name"":""04536-070"",""types"":[""postal_code""]}]",695,"R. Manuel Guedes, 349 - Itaim Bibi, SÃ£o Paulo - SP","R. Manuel Guedes, 349 - Itaim Bibi, SÃ£o Paulo - SP, 04536-070, Brazil","-235,835,917","-4,667,908,389,999,990",SÃ£o Paulo,04536-070,BR,59:09.4
11795962,MR POKE,Rua Padre Garcia Velho,44,,SP,5421030,Pinheiros,SP,SAO PAULO,,,,,,NÃ£o,,,,Bar/Especiais,1,0,0,1,OPP,"{""Longitude"":-46.6932,""Latitude"":-23.56194,""_file_path"":""/mnt/erp_br/30_dtmart/vw_clnk/fact_clnk/part-00000-tid-1704896776922519115-bce2e01c-04ab-4875-90f8-c2dad320d6a7-6989-1-c000.snappy.parquet""}",0,Offline,clnk,,True,,(11) 3031-7848,Mister Poke Pinheiros,"[{""close"":{""date"":null,""day"":0,""time"":""2300"",""truncated"":null},""open"":{""date"":null,""day"":0,""time"":""1130""}},{""close"":{""date"":null,""day"":1,""time"":""1500"",""truncated"":null},""open"":{""date"":null,""day"":1,""time"":""1130""}},{""close"":{""date"":null,""day"":1,""time"":""2300"",""truncated"":null},""open"":{""date"":null,""day"":1,""time"":""1800""}},{""close"":{""date"":null,""day"":2,""time"":""1500"",""truncated"":null},""open"":{""date"":null,""day"":2,""time"":""1130""}},{""close"":{""date"":null,""day"":2,""time"":""2300"",""truncated"":null},""open"":{""date"":null,""day"":2,""time"":""1800""}},{""close"":{""date"":null,""day"":3,""time"":""1500"",""truncated"":null},""open"":{""date"":null,""day"":3,""time"":""1130""}},{""close"":{""date"":null,""day"":3,""time"":""2300"",""truncated"":null},""open"":{""date"":null,""day"":3,""time"":""1800""}},{""close"":{""date"":null,""day"":4,""time"":""1500"",""truncated"":null},""open"":{""date"":null,""day"":4,""time"":""1130""}},{""close"":{""date"":null,""day"":4,""time"":""2300"",""truncated"":null},""open"":{""date"":null,""day"":4,""time"":""1800""}},{""close"":{""date"":null,""day"":5,""time"":""1500"",""truncated"":null},""open"":{""date"":null,""day"":5,""time"":""1130""}},{""close"":{""date"":null,""day"":5,""time"":""2300"",""truncated"":null},""open"":{""date"":null,""day"":5,""time"":""1800""}},{""close"":{""date"":null,""day"":6,""time"":""2300"",""truncated"":null},""open"":{""date"":null,""day"":6,""time"":""1130""}}]",False,OPERATIONAL,2.0,4.0,False,True,True,False,True,True,True,False,"[""restaurant"",""food"",""point_of_interest"",""establishment""]",,True,"[{""long_name"":""44"",""short_name"":""44"",""types"":[""street_number""]},{""long_name"":""Rua Padre Garcia Velho"",""short_name"":""R. Padre Garcia Velho"",""types"":[""route""]},{""long_name"":""Pinheiros"",""short_name"":""Pinheiros"",""types"":[""sublocality_level_1"",""sublocality"",""political""]},{""long_name"":""SÃ£o Paulo"",""short_name"":""SÃ£o Paulo"",""types"":[""administrative_area_level_2"",""political""]},{""long_name"":""SÃ£o Paulo"",""short_name"":""SP"",""types"":[""administrative_area_level_1"",""political""]},{""long_name"":""Brazil"",""short_name"":""BR"",""types"":[""country"",""political""]},{""long_name"":""05421-030"",""short_name"":""05421-030"",""types"":[""postal_code""]}]",307,"R. Padre Garcia Velho, 44 - Pinheiros, SÃ£o Paulo - SP","R. Padre Garcia Velho, 44 - Pinheiros, SÃ£o Paulo - SP, 05421-030, Brazil","-235,618,987","-4,669,328,410,000,000",SÃ£o Paulo,05421-030,BR,48:52.0
17677047,FERRA JOCKEY,Avenida Lineu de Paula Machado,1263,,SP,5601001,Jardim Everest,SP,SAO PAULO,,,,,,NÃ£o,,,,Bar/Especiais,1,1,0,1,OPP,"{""Longitude"":-46.69770159999999,""Latitude"":-23.580182,""_file_path"":""/mnt/erp_br/30_dtmart/vw_clnk/fact_clnk/part-00000-tid-1704896776922519115-bce2e01c-04ab-4875-90f8-c2dad320d6a7-6989-1-c000.snappy.parquet""}",0,Offline,clnk,,True,,(11) 94143-6052,Ferra Jockey,"[{""close"":{""date"":null,""day"":1,""time"":""0100"",""truncated"":null},""open"":{""date"":null,""day"":0,""time"":""1200""}},{""close"":{""date"":null,""day"":6,""time"":""0100"",""truncated"":null},""open"":{""date"":null,""day"":5,""time"":""1200""}},{""close"":{""date"":null,""day"":0,""time"":""0400"",""truncated"":null},""open"":{""date"":null,""day"":6,""time"":""1200""}}]",False,OPERATIONAL,4.0,3.9,True,True,False,,True,True,False,True,"[""restaurant"",""bar"",""food"",""point_of_interest"",""establishment""]",,True,"[{""long_name"":""93"",""short_name"":""93"",""types"":[""street_number""]},{""long_name"":""Rua Doutor JosÃ© Augusto de Queiroz"",""short_name"":""Rua Doutor JosÃ© Augusto de Queiroz"",""types"":[""route""]},{""long_name"":""Cidade Jardim"",""short_name"":""Cidade Jardim"",""types"":[""sublocality_level_1"",""sublocality"",""political""]},{""long_name"":""SÃ£o Paulo"",""short_name"":""SÃ£o Paulo"",""types"":[""administrative_area_level_2"",""political""]},{""long_name"":""SÃ£o Paulo"",""short_name"":""SP"",""types"":[""administrative_area_level_1"",""political""]},{""long_name"":""Brazil"",""short_name"":""BR"",""types"":[""country"",""political""]},{""long_name"":""05670-090"",""short_name"":""05670-090"",""types"":[""postal_code""]}]",384,"R. Dr. JosÃ© Augusto de Queiroz, 93 - Cidade Jardim, SÃ£o Paulo - SP","R. Dr. JosÃ© Augusto de Queiroz, 93 - Cidade Jardim, SÃ£o Paulo - SP, 05670-090, Brazil","-235,845,669","-46,698,416",SÃ£o Paulo,05670-090,BR,59:09.4
16658543,BALL FIVE,Rua Augusta,1149,,SP,1305100,ConsolaÃ§Ã£o,SP,SAO PAULO,,,,,,NÃ£o,,,,Bar/Especiais,1,1,0,1,OPP,"{""Longitude"":-46.6563919,""Latitude"":-23.5546192,""_file_path"":""/mnt/erp_br/30_dtmart/vw_clnk/fact_clnk/part-00000-tid-1704896776922519115-bce2e01c-04ab-4875-90f8-c2dad320d6a7-6989-1-c000.snappy.parquet""}",0,Offline,clnk,,True,,(11) 94576-4015,Ball Five Augusta,"[{""close"":{""date"":null,""day"":1,""time"":""0200"",""truncated"":null},""open"":{""date"":null,""day"":0,""time"":""1400""}},{""close"":{""date"":null,""day"":2,""time"":""0200"",""truncated"":null},""open"":{""date"":null,""day"":1,""time"":""1600""}},{""close"":{""date"":null,""day"":3,""time"":""0200"",""truncated"":null},""open"":{""date"":null,""day"":2,""time"":""1600""}},{""close"":{""date"":null,""day"":4,""time"":""0200"",""truncated"":null},""open"":{""date"":null,""day"":3,""time"":""1600""}},{""close"":{""date"":null,""day"":5,""time"":""0200"",""truncated"":null},""open"":{""date"":null,""day"":4,""time"":""1600""}},{""close"":{""date"":null,""day"":6,""time"":""0500"",""truncated"":null},""open"":{""date"":null,""day"":5,""time"":""1600""}},{""close"":{""date"":null,""day"":0,""time"":""0500"",""truncated"":null},""open"":{""date"":null,""day"":6,""time"":""1400""}}]",False,OPERATIONAL,2.0,4.3,True,True,False,False,True,False,False,True,"[""restaurant"",""bar"",""food"",""point_of_interest"",""establishment""]",,True,"[{""long_name"":""1149"",""short_name"":""1149"",""types"":[""street_number""]},{""long_name"":""Rua Augusta"",""short_name"":""R. Augusta"",""types"":[""route""]},{""long_name"":""ConsolaÃ§Ã£o"",""short_name"":""ConsolaÃ§Ã£o"",""types"":[""sublocality_level_1"",""sublocality"",""political""]},{""long_name"":""SÃ£o Paulo"",""short_name"":""SÃ£o Paulo"",""types"":[""administrative_area_level_2"",""political""]},{""long_name"":""SÃ£o Paulo"",""short_name"":""SP"",""types"":[""administrative_area_level_1"",""political""]},{""long_name"":""Brazil"",""short_name"":""BR"",""types"":[""country"",""political""]},{""long_name"":""01305-100"",""short_name"":""01305-100"",""types"":[""postal_code""]}]",1160,"R. Augusta, 1149 - ConsolaÃ§Ã£o, SÃ£o Paulo - SP","R. Augusta, 1149 - ConsolaÃ§Ã£o, SÃ£o Paulo - SP, 01305-100, Brazil","-235,545,056","-466,561,103",SÃ£o Paulo,01305-100,BR,59:09.4
2350062,FUNILARIA BIXIGA,Rua Rui Barbosa,572,,SP,1326010,Bela Vista,SP,SAO PAULO,,,,,,NÃ£o,,,,Bar/Especiais,1,0,0,1,OPP,"{""Longitude"":-46.6452775,""Latitude"":-23.5606187,""_file_path"":""/mnt/erp_br/30_dtmart/vw_clnk/fact_clnk/part-00000-tid-1704896776922519115-bce2e01c-04ab-4875-90f8-c2dad320d6a7-6989-1-c000.snappy.parquet""}",0,Offline,clnk,,True,,,Funilaria Bixiga,"[{""close"":{""date"":null,""day"":1,""time"":""0300"",""truncated"":null},""open"":{""date"":null,""day"":0,""time"":""1800""}},{""close"":{""date"":null,""day"":2,""time"":""0200"",""truncated"":null},""open"":{""date"":null,""day"":1,""time"":""2100""}},{""close"":{""date"":null,""day"":4,""time"":""0300"",""truncated"":null},""open"":{""date"":null,""day"":3,""time"":""2200""}},{""close"":{""date"":null,""day"":5,""time"":""0300"",""truncated"":null},""open"":{""date"":null,""day"":4,""time"":""2200""}},{""close"":{""date"":null,""day"":6,""time"":""0400"",""truncated"":null},""open"":{""date"":null,""day"":5,""time"":""2000""}},{""close"":{""date"":null,""day"":0,""time"":""0400"",""truncated"":null},""open"":{""date"":null,""day"":6,""time"":""2100""}}]",False,OPERATIONAL,2.0,4.1,False,True,,,,,,False,"[""bar"",""point_of_interest"",""establishment""]",https://instagram.com/funilariabixiga?igshid=MzRlODBiNWFlZA==,,"[{""long_name"":""572"",""short_name"":""572"",""types"":[""street_number""]},{""long_name"":""Rua Rui Barbosa"",""short_name"":""R. Rui Barbosa"",""types"":[""route""]},{""long_name"":""Bela Vista"",""short_name"":""Bela Vista"",""types"":[""sublocality_level_1"",""sublocality"",""political""]},{""long_name"":""SÃ£o Paulo"",""short_name"":""SÃ£o Paulo"",""types"":[""administrative_area_level_2"",""political""]},{""long_name"":""SÃ£o Paulo"",""short_name"":""SP"",""types"":[""administrative_area_level_1"",""political""]},{""long_name"":""Brazil"",""short_name"":""BR"",""types"":[""country"",""political""]},{""long_name"":""01326-010"",""short_name"":""01326-010"",""types"":[""postal_code""]}]",495,"R. Rui Barbosa, 572 - Bela Vista, SÃ£o Paulo - SP","R. Rui Barbosa, 572 - Bela Vista, SÃ£o Paulo - SP, 01326-010, Brazil","-235,606,057","-466,452,861",SÃ£o Paulo,01326-010,BR,10:49.3
1075750,O DE CASA HOSTEL,Rua InÃ¡cio Pereira da Rocha,385,TERREOBAR O,SP,5432011,Pinheiros,SP,SAO PAULO,,,,,,NÃ£o,,,,Bar/Especiais,1,0,1,1,OPP,"{""Longitude"":-46.69036,""Latitude"":-23.56061,""_file_path"":""/mnt/erp_br/30_dtmart/vw_clnk/fact_clnk/part-00000-tid-1704896776922519115-bce2e01c-04ab-4875-90f8-c2dad320d6a7-6989-1-c000.snappy.parquet""}",0,Offline,clnk,,,Bright dorms & rooms in a colorful hostel featuring a casual bar & an outdoor cafe.,,Ã” de Casa Hostel & Bar,"[{""close"":null,""open"":{""date"":null,""day"":0,""time"":""0000""}}]",True,OPERATIONAL,,4.6,,,,,,,,,"[""lodging"",""bar"",""point_of_interest"",""establishment""]",http://www.odecasahostel.com/,True,"[{""long_name"":""385"",""short_name"":""385"",""types"":[""street_number""]},{""long_name"":""Rua InÃ¡cio Pereira da Rocha"",""short_name"":""R. InÃ¡cio Pereira da Rocha"",""types"":[""route""]},{""long_name"":""Pinheiros"",""short_name"":""Pinheiros"",""types"":[""sublocality_level_1"",""sublocality"",""political""]},{""long_name"":""SÃ£o Paulo"",""short_name"":""SÃ£o Paulo"",""types"":[""administrative_area_level_2"",""political""]},{""long_name"":""SÃ£o Paulo"",""short_name"":""SP"",""types"":[""administrative_area_level_1"",""political""]},{""long_name"":""Brazil"",""short_name"":""BR"",""types"":[""country"",""political""]},{""long_name"":""05432-011"",""short_name"":""05432-011"",""types"":[""postal_code""]}]",1715,"R. InÃ¡cio Pereira da Rocha, 385 - Pinheiros, SÃ£o Paulo - SP","R. InÃ¡cio Pereira da Rocha, 385 - Pinheiros, SÃ£o Paulo - SP, 05432-011, Brazil","-235,606,513","-466,902,935",SÃ£o Paulo,05432-011,BR,10:49.3
17409362,BLUE NOTE - SP,Avenida Paulista 2073,2073,,SP,1311940,Bela Vista,SP,SAO PAULO,,,,,,NÃ£o,,,,Bar/Especiais,0,1,0,1,OPP,"{""Longitude"":-46.6611135,""Latitude"":-23.5566703,""_file_path"":""/mnt/erp_br/30_dtmart/vw_clnk/fact_clnk/part-00000-tid-1704896776922519115-bce2e01c-04ab-4875-90f8-c2dad320d6a7-6989-1-c000.snappy.parquet""}",0,Offline,clnk,,True,,(11) 97428-2548,Blue Note SÃ£o Paulo,"[{""close"":{""date"":null,""day"":0,""time"":""1700"",""truncated"":null},""open"":{""date"":null,""day"":0,""time"":""1000""}},{""close"":{""date"":null,""day"":1,""time"":""1500"",""truncated"":null},""open"":{""date"":null,""day"":1,""time"":""1200""}},{""close"":{""date"":null,""day"":2,""time"":""1500"",""truncated"":null},""open"":{""date"":null,""day"":2,""time"":""1200""}},{""close"":{""date"":null,""day"":3,""time"":""0000"",""truncated"":null},""open"":{""date"":null,""day"":2,""time"":""1900""}},{""close"":{""date"":null,""day"":3,""time"":""1500"",""truncated"":null},""open"":{""date"":null,""day"":3,""time"":""1200""}},{""close"":{""date"":null,""day"":4,""time"":""0000"",""truncated"":null},""open"":{""date"":null,""day"":3,""time"":""1900""}},{""close"":{""date"":null,""day"":4,""time"":""1500"",""truncated"":null},""open"":{""date"":null,""day"":4,""time"":""1200""}},{""close"":{""date"":null,""day"":5,""time"":""0000"",""truncated"":null},""open"":{""date"":null,""day"":4,""time"":""1900""}},{""close"":{""date"":null,""day"":5,""time"":""1500"",""truncated"":null},""open"":{""date"":null,""day"":5,""time"":""1200""}},{""close"":{""date"":null,""day"":6,""time"":""0000"",""truncated"":null},""open"":{""date"":null,""day"":5,""time"":""1900""}},{""close"":{""date"":null,""day"":0,""time"":""0000"",""truncated"":null},""open"":{""date"":null,""day"":6,""time"":""1900""}}]",False,OPERATIONAL,3.0,4.6,True,True,,,,,,True,"[""night_club"",""bar"",""restaurant"",""food"",""point_of_interest"",""establishment""]",http://bluenotesp.com/,True,"[{""long_name"":""2073"",""short_name"":""2073"",""types"":[""street_number""]},{""long_name"":""Avenida Paulista"",""short_name"":""Av. Paulista"",""types"":[""route""]},{""long_name"":""Bela Vista"",""short_name"":""Bela Vista"",""types"":[""sublocality_level_1"",""sublocality"",""political""]},{""long_name"":""SÃ£o Paulo"",""short_name"":""SÃ£o Paulo"",""types"":[""administrative_area_level_2"",""political""]},{""long_name"":""SÃ£o Paulo"",""short_name"":""SP"",""types"":[""administrative_area_level_1"",""political""]},{""long_name"":""Brazil"",""short_name"":""BR"",""types"":[""country"",""political""]},{""long_name"":""01311-300"",""short_name"":""01311-300"",""types"":[""postal_code""]}]",4475,"Av. Paulista, 2073 - Bela Vista, SÃ£o Paulo - SP","Av. Paulista, 2073 - Bela Vista, SÃ£o Paulo - SP, 01311-300, Brazil","-235,587,024","-466,600,474",SÃ£o Paulo,01311-300,BR,48:52.0
1998911,ILLUSTRE GASTROPUB,Rua Ramos Batista,491,,SP,4552020,Vila OlÃ­mpia,SP,SAO PAULO,,,,,,NÃ£o,,,,Bar/Especiais,0,0,0,1,OPP,"{""Longitude"":-46.6833082,""Latitude"":-23.594891,""_file_path"":""/mnt/erp_br/30_dtmart/vw_clnk/fact_clnk/part-00000-tid-1704896776922519115-bce2e01c-04ab-4875-90f8-c2dad320d6a7-6989-1-c000.snappy.parquet""}",0,Offline,clnk,,True,,(11) 95311-6530,Illustre Gastro Pub Eventos,"[{""close"":{""date"":null,""day"":1,""time"":""1500"",""truncated"":null},""open"":{""date"":null,""day"":1,""time"":""1200""}},{""close"":{""date"":null,""day"":2,""time"":""1500"",""truncated"":null},""open"":{""date"":null,""day"":2,""time"":""1200""}},{""close"":{""date"":null,""day"":3,""time"":""1500"",""truncated"":null},""open"":{""date"":null,""day"":3,""time"":""1200""}},{""close"":{""date"":null,""day"":4,""time"":""1500"",""truncated"":null},""open"":{""date"":null,""day"":4,""time"":""1200""}},{""close"":{""date"":null,""day"":5,""time"":""1500"",""truncated"":null},""open"":{""date"":null,""day"":5,""time"":""1200""}}]",False,OPERATIONAL,,4.5,,,,,,,,,"[""point_of_interest"",""establishment""]",http://illustregastropub.com.br/,True,"[{""long_name"":""491"",""short_name"":""491"",""types"":[""street_number""]},{""long_name"":""Rua Ramos Batista"",""short_name"":""R. Ramos Batista"",""types"":[""route""]},{""long_name"":""Vila OlÃ­mpia"",""short_name"":""Vila OlÃ­mpia"",""types"":[""sublocality_level_1"",""sublocality"",""political""]},{""long_name"":""SÃ£o Paulo"",""short_name"":""SÃ£o Paulo"",""types"":[""administrative_area_level_2"",""political""]},{""long_name"":""SÃ£o Paulo"",""short_name"":""SP"",""types"":[""administrative_area_level_1"",""political""]},{""long_name"":""Brazil"",""short_name"":""BR"",""types"":[""country"",""political""]},{""long_name"":""04552-020"",""short_name"":""04552-020"",""types"":[""postal_code""]}]",31,"R. Ramos Batista, 491 - Vila OlÃ­mpia, SÃ£o Paulo - SP","R. Ramos Batista, 491 - Vila OlÃ­mpia, SÃ£o Paulo - SP, 04552-020, Brazil","-23,594,891","-466,833,082",SÃ£o Paulo,04552-020,BR,27:34.2
2343381,BANANA CAFÃ‰,Rua JerÃ´nimo da Veiga,198,,SP,4536000,Jardim Europa,SP,SAO PAULO,,,,,,NÃ£o,,,,Restaurantes,1,1,0,1,OPP,"{""Longitude"":-46.6807968,""Latitude"":-23.5812336,""_file_path"":""/mnt/erp_br/30_dtmart/vw_clnk/fact_clnk/part-00000-tid-1704896776922519115-bce2e01c-04ab-4875-90f8-c2dad320d6a7-6989-1-c000.snappy.parquet""}",0,Offline,clnk,,True,"Coffee, typical Brazilian dishes & appetizers in a laid-back setting with gardens & trees.",(11) 2613-3005,Banana CafÃ©,"[{""close"":{""date"":null,""day"":1,""time"":""0000"",""truncated"":null},""open"":{""date"":null,""day"":0,""time"":""1200""}},{""close"":{""date"":null,""day"":2,""time"":""0000"",""truncated"":null},""open"":{""date"":null,""day"":1,""time"":""1200""}},{""close"":{""date"":null,""day"":3,""time"":""0100"",""truncated"":null},""open"":{""date"":null,""day"":2,""time"":""1200""}},{""close"":{""date"":null,""day"":4,""time"":""0100"",""truncated"":null},""open"":{""date"":null,""day"":3,""time"":""1200""}},{""close"":{""date"":null,""day"":5,""time"":""0100"",""truncated"":null},""open"":{""date"":null,""day"":4,""time"":""1200""}},{""close"":{""date"":null,""day"":6,""time"":""0100"",""truncated"":null},""open"":{""date"":null,""day"":5,""time"":""1200""}},{""close"":{""date"":null,""day"":0,""time"":""0100"",""truncated"":null},""open"":{""date"":null,""day"":6,""time"":""1200""}}]",False,OPERATIONAL,3.0,4.3,True,True,False,,True,True,False,True,"[""restaurant"",""cafe"",""bar"",""food"",""point_of_interest"",""establishment""]",http://bananacafesp.com.br/,True,"[{""long_name"":""198"",""short_name"":""198"",""types"":[""street_number""]},{""long_name"":""Rua JerÃ´nimo da Veiga"",""short_name"":""R. JerÃ´nimo da Veiga"",""types"":[""route""]},{""long_name"":""Itaim Bibi"",""short_name"":""Itaim Bibi"",""types"":[""sublocality_level_1"",""sublocality"",""political""]},{""long_name"":""SÃ£o Paulo"",""short_name"":""SÃ£o Paulo"",""types"":[""administrative_area_level_2"",""political""]},{""long_name"":""SÃ£o Paulo"",""short_name"":""SP"",""types"":[""administrative_area_level_1"",""political""]},{""long_name"":""Brazil"",""short_name"":""BR"",""types"":[""country"",""political""]},{""long_name"":""04536-060"",""short_name"":""04536-060"",""types"":[""postal_code""]}]",2210,"R. JerÃ´nimo da Veiga, 198 - Itaim Bibi, SÃ£o Paulo - SP","R. JerÃ´nimo da Veiga, 198 - Itaim Bibi, SÃ£o Paulo - SP, 04536-060, Brazil","-235,812,265","-466,808,115",SÃ£o Paulo,04536-060,BR,48:52.0
23431506,NACO,R BELMIRO BRAGA,83,,SP,5432020,PINHEIROS,SP,SAO PAULO,,,,,,NÃ£o,,,,Bar/Especiais,0,0,0,1,mybar,"{""Longitude"":-46.68723,""Latitude"":-23.55989,""_file_path"":""/mnt/erp_br/30_dtmart/vw_clnk/fact_clnk/part-00000-tid-1704896776922519115-bce2e01c-04ab-4875-90f8-c2dad320d6a7-6989-1-c000.snappy.parquet""}",0,Offline,clnk,,True,,(11) 96577-5759,Naco Pinheiros,"[{""close"":{""date"":null,""day"":0,""time"":""2200"",""truncated"":null},""open"":{""date"":null,""day"":0,""time"":""1200""}},{""close"":{""date"":null,""day"":2,""time"":""2300"",""truncated"":null},""open"":{""date"":null,""day"":2,""time"":""1800""}},{""close"":{""date"":null,""day"":4,""time"":""0000"",""truncated"":null},""open"":{""date"":null,""day"":3,""time"":""1800""}},{""close"":{""date"":null,""day"":5,""time"":""0000"",""truncated"":null},""open"":{""date"":null,""day"":4,""time"":""1800""}},{""close"":{""date"":null,""day"":5,""time"":""1600"",""truncated"":null},""open"":{""date"":null,""day"":5,""time"":""1200""}},{""close"":{""date"":null,""day"":6,""time"":""0000"",""truncated"":null},""open"":{""date"":null,""day"":5,""time"":""1800""}},{""close"":{""date"":null,""day"":0,""time"":""0000"",""truncated"":null},""open"":{""date"":null,""day"":6,""time"":""1200""}}]",False,OPERATIONAL,2.0,4.3,True,True,,,True,True,,True,"[""bar"",""restaurant"",""food"",""point_of_interest"",""establishment""]",,,"[{""long_name"":""83"",""short_name"":""83"",""types"":[""street_number""]},{""long_name"":""Rua Belmiro Braga"",""short_name"":""R. Belmiro Braga"",""types"":[""route""]},{""long_name"":""Pinheiros"",""short_name"":""Pinheiros"",""types"":[""sublocality_level_1"",""sublocality"",""political""]},{""long_name"":""SÃ£o Paulo"",""short_name"":""SÃ£o Paulo"",""types"":[""administrative_area_level_2"",""political""]},{""long_name"":""SÃ£o Paulo"",""short_name"":""SP"",""types"":[""administrative_area_level_1"",""political""]},{""long_name"":""Brazil"",""short_name"":""BR"",""types"":[""country"",""political""]},{""long_name"":""05432-020"",""short_name"":""05432-020"",""types"":[""postal_code""]}]",528,"R. Belmiro Braga, 83 - Pinheiros, SÃ£o Paulo - SP","R. Belmiro Braga, 83 - Pinheiros, SÃ£o Paulo - SP, 05432-020, Brazil","-23,560,079","-466,873,033",SÃ£o Paulo,05432-020,BR,13:38.0
311966,VISTA SAO PAULO PARQUE IBIRAPUERA,Avenida Pedro Ãlvares Cabral,1301,8O ANDAR,SP,4094050,Parque Ibirapuera,SP,SAO PAULO,,,,,,NÃ£o,,,,Bar/Especiais,1,1,0,1,OPP,"{""Longitude"":-46.65099619999999,""Latitude"":-23.5889906,""_file_path"":""/mnt/erp_br/30_dtmart/vw_clnk/fact_clnk/part-00000-tid-1704896776922519115-bce2e01c-04ab-4875-90f8-c2dad320d6a7-6989-1-c000.snappy.parquet""}",0,Offline,clnk,,True,"Modern rooftop restaurant with Sao Paulo views, offering creative Brazilian cooking & cocktails.",(11) 2658-3188,Vista Restaurante Ibirapuera,"[{""close"":{""date"":null,""day"":0,""time"":""1700"",""truncated"":null},""open"":{""date"":null,""day"":0,""time"":""1200""}},{""close"":{""date"":null,""day"":2,""time"":""1600"",""truncated"":null},""open"":{""date"":null,""day"":2,""time"":""1200""}},{""close"":{""date"":null,""day"":2,""time"":""2300"",""truncated"":null},""open"":{""date"":null,""day"":2,""time"":""1900""}},{""close"":{""date"":null,""day"":3,""time"":""1600"",""truncated"":null},""open"":{""date"":null,""day"":3,""time"":""1200""}},{""close"":{""date"":null,""day"":3,""time"":""2300"",""truncated"":null},""open"":{""date"":null,""day"":3,""time"":""1900""}},{""close"":{""date"":null,""day"":4,""time"":""1600"",""truncated"":null},""open"":{""date"":null,""day"":4,""time"":""1200""}},{""close"":{""date"":null,""day"":4,""time"":""2300"",""truncated"":null},""open"":{""date"":null,""day"":4,""time"":""1900""}},{""close"":{""date"":null,""day"":5,""time"":""1600"",""truncated"":null},""open"":{""date"":null,""day"":5,""time"":""1200""}},{""close"":{""date"":null,""day"":5,""time"":""2300"",""truncated"":null},""open"":{""date"":null,""day"":5,""time"":""1900""}},{""close"":{""date"":null,""day"":6,""time"":""1600"",""truncated"":null},""open"":{""date"":null,""day"":6,""time"":""1200""}},{""close"":{""date"":null,""day"":6,""time"":""2300"",""truncated"":null},""open"":{""date"":null,""day"":6,""time"":""1900""}}]",False,OPERATIONAL,3.0,4.5,True,True,True,True,True,True,True,True,"[""bar"",""restaurant"",""food"",""point_of_interest"",""establishment""]",https://vistarestaurante.vistasaopaulo.com.br/,True,"[{""long_name"":""8o andar"",""short_name"":""8o andar"",""types"":[""subpremise""]},{""long_name"":""cobertura do MAC USP"",""short_name"":""cobertura do MAC USP"",""types"":[""point_of_interest"",""establishment""]},{""long_name"":""1301"",""short_name"":""1301"",""types"":[""street_number""]},{""long_name"":""Avenida Pedro Ãlvares Cabral"",""short_name"":""Av. Pedro Ãlvares Cabral"",""types"":[""route""]},{""long_name"":""Vila Mariana"",""short_name"":""Vila Mariana"",""types"":[""sublocality_level_1"",""sublocality"",""political""]},{""long_name"":""SÃ£o Paulo"",""short_name"":""SÃ£o Paulo"",""types"":[""administrative_area_level_2"",""political""]},{""long_name"":""SÃ£o Paulo"",""short_name"":""SP"",""types"":[""administrative_area_level_1"",""political""]},{""long_name"":""Brazil"",""short_name"":""BR"",""types"":[""country"",""political""]},{""long_name"":""04094-050"",""short_name"":""04094-050"",""types"":[""postal_code""]}]",4818,"cobertura do MAC USP - Av. Pedro Ãlvares Cabral, 1301 - 8o andar - Vila Mariana, SÃ£o Paulo - SP","cobertura do MAC USP - Av. Pedro Ãlvares Cabral, 1301 - 8o andar - Vila Mariana, SÃ£o Paulo - SP, 04094-050, Brazil","-23,588,955","-466,511,763",SÃ£o Paulo,04094-050,BR,48:52.0
815838,OGURU ITAIM,Rua Campos Bicudo,141,,SP,4536010,Jardim Europa,SP,SAO PAULO,,,,,,NÃ£o,,,,Restaurantes,1,0,0,1,OPP,"{""Longitude"":-46.68241,""Latitude"":-23.58152,""_file_path"":""/mnt/erp_br/30_dtmart/vw_clnk/fact_clnk/part-00000-tid-1704896776922519115-bce2e01c-04ab-4875-90f8-c2dad320d6a7-6989-1-c000.snappy.parquet""}",0,Offline,clnk,,True,"All-you-can-eat sushi & sashimi, plus signature cocktails, in a sleek, stylish venue.",(11) 3168-2056,OGURU Sushi & Bar - Itaim,"[{""close"":{""date"":null,""day"":0,""time"":""1600"",""truncated"":null},""open"":{""date"":null,""day"":0,""time"":""1200""}},{""close"":{""date"":null,""day"":0,""time"":""2300"",""truncated"":null},""open"":{""date"":null,""day"":0,""time"":""1900""}},{""close"":{""date"":null,""day"":1,""time"":""1500"",""truncated"":null},""open"":{""date"":null,""day"":1,""time"":""1200""}},{""close"":{""date"":null,""day"":1,""time"":""2300"",""truncated"":null},""open"":{""date"":null,""day"":1,""time"":""1900""}},{""close"":{""date"":null,""day"":2,""time"":""1500"",""truncated"":null},""open"":{""date"":null,""day"":2,""time"":""1200""}},{""close"":{""date"":null,""day"":2,""time"":""2300"",""truncated"":null},""open"":{""date"":null,""day"":2,""time"":""1900""}},{""close"":{""date"":null,""day"":3,""time"":""1500"",""truncated"":null},""open"":{""date"":null,""day"":3,""time"":""1200""}},{""close"":{""date"":null,""day"":3,""time"":""2300"",""truncated"":null},""open"":{""date"":null,""day"":3,""time"":""1900""}},{""close"":{""date"":null,""day"":4,""time"":""1500"",""truncated"":null},""open"":{""date"":null,""day"":4,""time"":""1200""}},{""close"":{""date"":null,""day"":5,""time"":""0000"",""truncated"":null},""open"":{""date"":null,""day"":4,""time"":""1900""}},{""close"":{""date"":null,""day"":5,""time"":""1500"",""truncated"":null},""open"":{""date"":null,""day"":5,""time"":""1200""}},{""close"":{""date"":null,""day"":6,""time"":""0000"",""truncated"":null},""open"":{""date"":null,""day"":5,""time"":""1900""}},{""close"":{""date"":null,""day"":6,""time"":""1600"",""truncated"":null},""open"":{""date"":null,""day"":6,""time"":""1200""}},{""close"":{""date"":null,""day"":0,""time"":""0000"",""truncated"":null},""open"":{""date"":null,""day"":6,""time"":""1900""}}]",False,OPERATIONAL,3.0,4.5,True,True,,False,True,True,False,True,"[""bar"",""restaurant"",""food"",""point_of_interest"",""establishment""]",https://www.ogurusushibar.com.br/,True,"[{""long_name"":""141"",""short_name"":""141"",""types"":[""street_number""]},{""long_name"":""Rua Campos Bicudo"",""short_name"":""R. Campos Bicudo"",""types"":[""route""]},{""long_name"":""Itaim Bibi"",""short_name"":""Itaim Bibi"",""types"":[""sublocality_level_1"",""sublocality"",""political""]},{""long_name"":""SÃ£o Paulo"",""short_name"":""SÃ£o Paulo"",""types"":[""administrative_area_level_2"",""political""]},{""long_name"":""SÃ£o Paulo"",""short_name"":""SP"",""types"":[""administrative_area_level_1"",""political""]},{""long_name"":""Brazil"",""short_name"":""BR"",""types"":[""country"",""political""]},{""long_name"":""04536-010"",""short_name"":""04536-010"",""types"":[""postal_code""]}]",1667,"R. Campos Bicudo, 141 - Itaim Bibi, SÃ£o Paulo - SP","R. Campos Bicudo, 141 - Itaim Bibi, SÃ£o Paulo - SP, 04536-010, Brazil","-235,815,747","-466,824,861",SÃ£o Paulo,04536-010,BR,48:52.0
23548105,PAPPAGALLO RESTAURANTE LTDA,Alameda JaÃº,1372,,SP,1420004,Jardim Paulista,SP,SAO PAULO,,,,,,NÃ£o,,,,Bar/Especiais,0,0,0,1,OPP,"{""Longitude"":-46.6606662,""Latitude"":-23.5609132,""_file_path"":""/mnt/erp_br/30_dtmart/vw_clnk/fact_clnk/part-00000-tid-1704896776922519115-bce2e01c-04ab-4875-90f8-c2dad320d6a7-6989-1-c000.snappy.parquet""}",0,Offline,clnk,,True,"Bar covered in movie posters, photos & local artwork, serving classic Argentinean snacks.",(11) 3032-2116,Empanadas Bar,"[{""close"":{""date"":null,""day"":1,""time"":""0100"",""truncated"":null},""open"":{""date"":null,""day"":0,""time"":""1200""}},{""close"":{""date"":null,""day"":2,""time"":""0100"",""truncated"":null},""open"":{""date"":null,""day"":1,""time"":""1200""}},{""close"":{""date"":null,""day"":3,""time"":""0100"",""truncated"":null},""open"":{""date"":null,""day"":2,""time"":""1200""}},{""close"":{""date"":null,""day"":4,""time"":""0100"",""truncated"":null},""open"":{""date"":null,""day"":3,""time"":""1200""}},{""close"":{""date"":null,""day"":5,""time"":""0100"",""truncated"":null},""open"":{""date"":null,""day"":4,""time"":""1200""}},{""close"":{""date"":null,""day"":6,""time"":""0100"",""truncated"":null},""open"":{""date"":null,""day"":5,""time"":""1200""}},{""close"":{""date"":null,""day"":0,""time"":""0100"",""truncated"":null},""open"":{""date"":null,""day"":6,""time"":""1200""}}]",False,OPERATIONAL,2.0,4.5,True,True,,,,,,True,"[""bar"",""restaurant"",""point_of_interest"",""food"",""establishment""]",https://empanadasbar.com.br/,True,"[{""long_name"":""489"",""short_name"":""489"",""types"":[""street_number""]},{""long_name"":""Rua Wisard"",""short_name"":""R. Wisard"",""types"":[""route""]},{""long_name"":""Vila Madalena"",""short_name"":""Vila Madalena"",""types"":[""sublocality_level_1"",""sublocality"",""political""]},{""long_name"":""SÃ£o Paulo"",""short_name"":""SÃ£o Paulo"",""types"":[""administrative_area_level_2"",""political""]},{""long_name"":""SÃ£o Paulo"",""short_name"":""SP"",""types"":[""administrative_area_level_1"",""political""]},{""long_name"":""Brazil"",""short_name"":""BR"",""types"":[""country"",""political""]},{""long_name"":""05434-080"",""short_name"":""05434-080"",""types"":[""postal_code""]}]",3516,"R. Wisard, 489 - Vila Madalena, SÃ£o Paulo - SP","R. Wisard, 489 - Vila Madalena, SÃ£o Paulo - SP, 05434-080, Brazil","-235,565,652","-466,915,542",SÃ£o Paulo,05434-080,BR,59:09.4
15150906,MAHAU,Avenida Brigadeiro Faria Lima,160,,SP,4538133,Itaim Bibi,SP,SAO PAULO,,,,,,NÃ£o,,,,Bar/Especiais,1,0,0,1,OPP,"{""Longitude"":-46.6812483,""Latitude"":-23.5889488,""_file_path"":""/mnt/erp_br/30_dtmart/vw_clnk/fact_clnk/part-00000-tid-1704896776922519115-bce2e01c-04ab-4875-90f8-c2dad320d6a7-6989-1-c000.snappy.parquet""}",0,Offline,clnk,,True,"Chic venue for upscale bar food & cocktails, plus DJ sets & bands on a roof deck with city views.",(11) 99199-7865,Mahau Bar,"[{""close"":{""date"":null,""day"":1,""time"":""0500"",""truncated"":null},""open"":{""date"":null,""day"":0,""time"":""2100""}},{""close"":{""date"":null,""day"":5,""time"":""0500"",""truncated"":null},""open"":{""date"":null,""day"":4,""time"":""2100""}},{""close"":{""date"":null,""day"":6,""time"":""0500"",""truncated"":null},""open"":{""date"":null,""day"":5,""time"":""2100""}},{""close"":{""date"":null,""day"":0,""time"":""0500"",""truncated"":null},""open"":{""date"":null,""day"":6,""time"":""1800""}}]",False,OPERATIONAL,3.0,4.0,,True,,,True,True,False,True,"[""night_club"",""bar"",""restaurant"",""food"",""point_of_interest"",""establishment""]",http://www.mahaubar.com.br/,True,"[{""long_name"":""160"",""short_name"":""160"",""types"":[""street_number""]},{""long_name"":""Rua Professor AtÃ­lio Innocenti"",""short_name"":""R. Prof. AtÃ­lio Innocenti"",""types"":[""route""]},{""long_name"":""Vila Nova ConceiÃ§Ã£o"",""short_name"":""Vila Nova ConceiÃ§Ã£o"",""types"":[""sublocality_level_1"",""sublocality"",""political""]},{""long_name"":""SÃ£o Paulo"",""short_name"":""SÃ£o Paulo"",""types"":[""administrative_area_level_2"",""political""]},{""long_name"":""SÃ£o Paulo"",""short_name"":""SP"",""types"":[""administrative_area_level_1"",""political""]},{""long_name"":""Brazil"",""short_name"":""BR"",""types"":[""country"",""political""]},{""long_name"":""04538-000"",""short_name"":""04538-000"",""types"":[""postal_code""]}]",2116,"R. Prof. AtÃ­lio Innocenti, 160 - Vila Nova ConceiÃ§Ã£o, SÃ£o Paulo - SP","R. Prof. AtÃ­lio Innocenti, 160 - Vila Nova ConceiÃ§Ã£o, SÃ£o Paulo - SP, 04538-000, Brazil","-235,888,392","-466,813,449",SÃ£o Paulo,04538-000,BR,59:09.4
3605286,D-EDGE,Avenida Auro Soares de Moura Andrade,141,,SP,1156001,Barra Funda,SP,SAO PAULO,,,,,,NÃ£o,,,,Bar/Especiais,0,0,0,1,OPP,"{""Longitude"":-46.662169,""Latitude"":-23.5281188,""_file_path"":""/mnt/erp_br/30_dtmart/vw_clnk/fact_clnk/part-00000-tid-1704896776922519115-bce2e01c-04ab-4875-90f8-c2dad320d6a7-6989-1-c000.snappy.parquet""}",0,Offline,clnk,,True,"This dance club enhances the sensory experience with elaborate lighting, design & the latest hits.",(11) 3665-9500,D-Edge,"[{""close"":{""date"":null,""day"":5,""time"":""0800"",""truncated"":null},""open"":{""date"":null,""day"":4,""time"":""2359""}},{""close"":{""date"":null,""day"":6,""time"":""0800"",""truncated"":null},""open"":{""date"":null,""day"":5,""time"":""2359""}},{""close"":{""date"":null,""day"":0,""time"":""1200"",""truncated"":null},""open"":{""date"":null,""day"":6,""time"":""2359""}}]",False,OPERATIONAL,3.0,4.3,True,True,,,,,,False,"[""night_club"",""point_of_interest"",""establishment""]",http://www.d-edge.com.br/,True,"[{""long_name"":""141"",""short_name"":""141"",""types"":[""street_number""]},{""long_name"":""Avenida MÃ¡rio de Andrade"",""short_name"":""Av. MÃ¡rio de Andrade"",""types"":[""route""]},{""long_name"":""Barra Funda"",""short_name"":""Barra Funda"",""types"":[""sublocality_level_1"",""sublocality"",""political""]},{""long_name"":""SÃ£o Paulo"",""short_name"":""SÃ£o Paulo"",""types"":[""administrative_area_level_2"",""political""]},{""long_name"":""SÃ£o Paulo"",""short_name"":""SP"",""types"":[""administrative_area_level_1"",""political""]},{""long_name"":""Brazil"",""short_name"":""BR"",""types"":[""country"",""political""]},{""long_name"":""01156-001"",""short_name"":""01156-001"",""types"":[""postal_code""]}]",923,"Av. MÃ¡rio de Andrade, 141 - Barra Funda, SÃ£o Paulo - SP","Av. MÃ¡rio de Andrade, 141 - Barra Funda, SÃ£o Paulo - SP, 01156-001, Brazil","-235,281,458","-4,666,208,779,999,990",SÃ£o Paulo,01156-001,BR,45:11.1
447632,BACKYARD,Rua Harmonia,255,,SP,5435000,Sumarezinho,SP,SAO PAULO,,,,,,NÃ£o,,,,Bar/Especiais,1,0,0,1,OPP,"{""Longitude"":-46.6878705,""Latitude"":-23.5558303,""_file_path"":""/mnt/erp_br/30_dtmart/vw_clnk/fact_clnk/part-00000-tid-1704896776922519115-bce2e01c-04ab-4875-90f8-c2dad320d6a7-6989-1-c000.snappy.parquet""}",0,Offline,clnk,,,,(11) 91033-4455,Backyard Of Simple Pleasures,"[{""close"":{""date"":null,""day"":0,""time"":""2000"",""truncated"":null},""open"":{""date"":null,""day"":0,""time"":""1300""}},{""close"":{""date"":null,""day"":1,""time"":""1900"",""truncated"":null},""open"":{""date"":null,""day"":1,""time"":""1100""}},{""close"":{""date"":null,""day"":2,""time"":""1900"",""truncated"":null},""open"":{""date"":null,""day"":2,""time"":""1100""}},{""close"":{""date"":null,""day"":4,""time"":""0100"",""truncated"":null},""open"":{""date"":null,""day"":3,""time"":""1100""}},{""close"":{""date"":null,""day"":5,""time"":""0100"",""truncated"":null},""open"":{""date"":null,""day"":4,""time"":""1100""}},{""close"":{""date"":null,""day"":6,""time"":""0100"",""truncated"":null},""open"":{""date"":null,""day"":5,""time"":""1100""}},{""close"":{""date"":null,""day"":0,""time"":""0100"",""truncated"":null},""open"":{""date"":null,""day"":6,""time"":""1100""}}]",False,OPERATIONAL,,4.5,,,,,,,,,"[""bar"",""restaurant"",""point_of_interest"",""food"",""store"",""establishment""]",https://livinbackyard.shop/,True,"[{""long_name"":""255"",""short_name"":""255"",""types"":[""street_number""]},{""long_name"":""Rua Harmonia"",""short_name"":""Rua Harmonia"",""types"":[""route""]},{""long_name"":""Vila Madalena"",""short_name"":""Vila Madalena"",""types"":[""sublocality_level_1"",""sublocality"",""political""]},{""long_name"":""SÃ£o Paulo"",""short_name"":""SÃ£o Paulo"",""types"":[""administrative_area_level_2"",""political""]},{""long_name"":""SÃ£o Paulo"",""short_name"":""SP"",""types"":[""administrative_area_level_1"",""political""]},{""long_name"":""Brazil"",""short_name"":""BR"",""types"":[""country"",""political""]},{""long_name"":""05435-001"",""short_name"":""05435-001"",""types"":[""postal_code""]}]",487,"Rua Harmonia, 255 - Vila Madalena, SÃ£o Paulo - SP","Rua Harmonia, 255 - Vila Madalena, SÃ£o Paulo - SP, 05435-001, Brazil","-235,558,235","-4,668,784,589,999,990",SÃ£o Paulo,05435-001,BR,59:09.4
17338552,BAR DAS PATROAS,Rua TabapuÃ£,1410,,SP,4533005,Itaim Bibi,SP,SAO PAULO,,,,,,NÃ£o,,,,Bar/Especiais,1,0,0,1,OPP,"{""Longitude"":-46.6842343,""Latitude"":-23.5851638,""_file_path"":""/mnt/erp_br/30_dtmart/vw_clnk/fact_clnk/part-00000-tid-1704896776922519115-bce2e01c-04ab-4875-90f8-c2dad320d6a7-6989-1-c000.snappy.parquet""}",0,Offline,clnk,,True,"Opulent, multilevel cocktail bar & nightclub with a royalty theme, for live music & light meals.",(11) 98566-3384,Bar das Patroas,"[{""close"":{""date"":null,""day"":1,""time"":""0500"",""truncated"":null},""open"":{""date"":null,""day"":0,""time"":""2200""}},{""close"":{""date"":null,""day"":5,""time"":""0200"",""truncated"":null},""open"":{""date"":null,""day"":4,""time"":""1800""}},{""close"":{""date"":null,""day"":6,""time"":""0430"",""truncated"":null},""open"":{""date"":null,""day"":5,""time"":""1800""}},{""close"":{""date"":null,""day"":0,""time"":""0430"",""truncated"":null},""open"":{""date"":null,""day"":6,""time"":""1800""}}]",False,OPERATIONAL,3.0,4.1,True,True,,,,,,True,"[""bar"",""point_of_interest"",""establishment""]",http://www.bardaspatroas.com.br/,True,"[{""long_name"":""1410"",""short_name"":""1410"",""types"":[""street_number""]},{""long_name"":""Rua TabapuÃ£"",""short_name"":""Rua TabapuÃ£"",""types"":[""route""]},{""long_name"":""Itaim Bibi"",""short_name"":""Itaim Bibi"",""types"":[""sublocality_level_1"",""sublocality"",""political""]},{""long_name"":""SÃ£o Paulo"",""short_name"":""SÃ£o Paulo"",""types"":[""administrative_area_level_2"",""political""]},{""long_name"":""SÃ£o Paulo"",""short_name"":""SP"",""types"":[""administrative_area_level_1"",""political""]},{""long_name"":""Brazil"",""short_name"":""BR"",""types"":[""country"",""political""]},{""long_name"":""04533-014"",""short_name"":""04533-014"",""types"":[""postal_code""]}]",1741,"Rua TabapuÃ£, 1410 - Itaim Bibi, SÃ£o Paulo - SP","Rua TabapuÃ£, 1410 - Itaim Bibi, SÃ£o Paulo - SP, 04533-014, Brazil","-2,358,524,410,000,000","-466,841,917",SÃ£o Paulo,04533-014,BR,02:03.3
